FLT,FLT_next,REG,ITY,NAT,PAX,DES,ORG,start_time,end_time,arrival,towing,departure,stand,f,start,end,CGMS,prev,next
2Y924,2Y923,PKMYI,B73X,CGO,0.0,SRG,SRG,2019-05-13 00:05:00,2019-05-13 04:40:00,1.0,0.0,1.0,605,0.0,5.0,280.0,308,arr,dpt
3K763,3K763,9VJSQ,A320,PAX,0.0,KIX,,2019-05-13 00:00:00,2019-05-13 02:50:00,1.0,0.0,1.0,C13,0.0,0.0,170.0,C13,arr,dpt
3K764,3K161,9VJSQ,A320,PAX,0.0,DRW,KIX,2019-05-13 21:25:00,2019-05-13 23:05:00,1.0,0.0,1.0,C16,0.0,1285.0,1385.0,D47,arr,dpt
3K162,3K697,9VJSI,A320,PAX,0.0,HKG,DRW,2019-05-13 09:05:00,2019-05-13 10:00:00,1.0,0.0,1.0,D35,0.0,545.0,600.0,C24,arr,dpt
3K698,3K551,9VJSI,A320,PAX,0.0,SGN,HKG,2019-05-13 18:40:00,2019-05-13 19:50:00,1.0,0.0,1.0,C24,0.0,1120.0,1190.0,C17L,arr,dpt
3K552,3K201,9VJSL,A320,PAX,0.0,CGK,SGN,2019-05-13 00:40:00,2019-05-13 08:15:00,1.0,0.0,1.0,C22,0.0,40.0,495.0,D35,arr,dpt
3K202,3K823,9VJSL,A320,PAX,0.0,SWA,CGK,2019-05-13 12:40:00,2019-05-13 13:40:00,1.0,0.0,1.0,C22,0.0,760.0,820.0,D37,arr,dpt
3K824,3K824,9VJSL,A320,PAX,0.0,,SWA,2019-05-13 23:05:00,2019-05-13 23:59:00,1.0,0.0,0.0,D44,0.0,1385.0,1439.0,D32,arr,tow
3K663,3K663,9VJSS,A320,PAX,0.0,KUL,,2019-05-13 00:00:00,2019-05-13 09:35:00,1.0,0.0,1.0,C17L,0.0,0.0,575.0,D47,arr,dpt
3K664,3K203,9VJSS,A320,PAX,0.0,CGK,KUL,2019-05-13 12:30:00,2019-05-13 13:35:00,1.0,0.0,1.0,C18,0.0,750.0,815.0,C17R,arr,dpt
3K204,3K537,9VJSS,A320,PAX,0.0,HKT,CGK,2019-05-13 18:00:00,2019-05-13 19:50:00,1.0,0.0,1.0,D30,0.0,1080.0,1190.0,C24,arr,dpt
3K240,3K761,9VJSH,A320,PAX,0.0,MNL,DPS,2019-05-13 02:00:00,2019-05-13 06:15:00,1.0,0.0,1.0,C11,0.0,120.0,375.0,C11,arr,dpt
3K762,3K283,9VJSH,A320,PAX,0.0,KNO,MNL,2019-05-13 14:15:00,2019-05-13 15:15:00,1.0,0.0,1.0,C11,0.0,855.0,915.0,D46,arr,dpt
3K284,3K205,9VJSH,A320,PAX,0.0,CGK,KNO,2019-05-13 18:55:00,2019-05-13 20:00:00,1.0,0.0,1.0,C18,0.0,1135.0,1200.0,C16,arr,dpt
3K206,3K791,9VJSP,A320,PAX,0.0,OKA,CGK,2019-05-13 00:25:00,2019-05-13 02:00:00,1.0,0.0,1.0,D36,0.0,25.0,120.0,D44,arr,dpt
3K792,3K245,9VJSP,A320,PAX,0.0,DPS,OKA,2019-05-13 13:10:00,2019-05-13 15:50:00,1.0,0.0,1.0,D36,0.0,790.0,950.0,D36,arr,dpt
3K246,3K246,9VJSP,A320,PAX,0.0,,DPS,2019-05-13 22:05:00,2019-05-13 23:59:00,1.0,0.0,0.0,D36,0.0,1325.0,1439.0,C11,arr,tow
3K779,3K779,9VJSB,A320,PAX,0.0,CRK,,2019-05-13 00:00:00,2019-05-13 02:20:00,1.0,0.0,1.0,D47,0.0,0.0,140.0,C18,arr,dpt
3K780,3K241,9VJSB,A320,PAX,0.0,DPS,CRK,2019-05-13 10:20:00,2019-05-13 10:55:00,1.0,0.0,1.0,D30,0.0,620.0,655.0,D35,arr,dpt
3K242,3K513,9VJSB,A320,PAX,0.0,BKK,DPS,2019-05-13 17:10:00,2019-05-13 19:15:00,1.0,0.0,1.0,C19,0.0,1030.0,1155.0,D48,arr,dpt
3K281,3K281,9VJSK,A320,PAX,0.0,KNO,,2019-05-13 00:00:00,2019-05-13 08:15:00,1.0,0.0,1.0,C16,0.0,0.0,495.0,D38,arr,dpt
3K248,3K775,9VJSK,A320,PAX,0.0,CRK,SUB,2019-05-13 16:40:00,2019-05-13 20:00:00,1.0,0.0,1.0,D40L,0.0,1000.0,1200.0,C11,arr,dpt
3K514,3K511,9VJSA,A320,PAX,0.0,BKK,BKK,2019-05-13 00:45:00,2019-05-13 07:20:00,1.0,0.0,1.0,C15,0.0,45.0,440.0,C15,arr,dpt
3K512,3K557,9VJSA,A320,PAX,0.0,SGN,BKK,2019-05-13 12:50:00,2019-05-13 13:45:00,1.0,0.0,1.0,D44,0.0,770.0,825.0,C22,arr,dpt
3K558,3K687,9VJSA,A320,PAX,0.0,KUL,SGN,2019-05-13 18:30:00,2019-05-13 19:35:00,1.0,0.0,1.0,D37,0.0,1110.0,1175.0,C17R,arr,dpt
3K688,3K688,9VJSA,A320,PAX,0.0,,KUL,2019-05-13 22:30:00,2019-05-13 23:59:00,1.0,0.0,0.0,D47,0.0,1350.0,1439.0,D35,arr,tow
3K683,3K683,9VJSM,A320,PAX,0.0,KUL,,2019-05-13 00:00:00,2019-05-13 07:05:00,1.0,0.0,1.0,C19,0.0,0.0,425.0,D44,arr,dpt
3K684,3K515,9VJSM,A320,PAX,0.0,BKK,KUL,2019-05-13 10:00:00,2019-05-13 10:45:00,1.0,0.0,1.0,C26,0.0,600.0,645.0,C11,arr,dpt
3K516,3K535,9VJSM,A320,PAX,0.0,HKT,BKK,2019-05-13 16:15:00,2019-05-13 17:15:00,1.0,0.0,1.0,D30,0.0,975.0,1035.0,D47,arr,dpt
3K536,3K536,9VJSM,A320,PAX,0.0,,HKT,2019-05-13 21:35:00,2019-05-13 23:59:00,1.0,0.0,0.0,D42R,0.0,1295.0,1439.0,D48,arr,tow
3K555,3K555,9VJSN,A320,PAX,0.0,SGN,,2019-05-13 00:00:00,2019-05-13 07:10:00,1.0,0.0,1.0,C23,0.0,0.0,430.0,D48,arr,dpt
3K556,3K685,9VJSN,A320,PAX,0.0,KUL,SGN,2019-05-13 11:55:00,2019-05-13 12:50:00,1.0,0.0,1.0,D46,0.0,715.0,770.0,D47,arr,dpt
3K686,3K517,9VJSN,A320,PAX,0.0,BKK,KUL,2019-05-13 15:45:00,2019-05-13 16:50:00,1.0,0.0,1.0,D49,0.0,945.0,1010.0,C24,arr,dpt
3K518,3K518,9VJSN,A320,PAX,0.0,,BKK,2019-05-13 22:25:00,2019-05-13 23:59:00,1.0,0.0,0.0,D37,0.0,1345.0,1439.0,C17L,arr,tow
3K542,3K533,9VJSW,A320,PAX,0.0,HKT,DAD,2019-05-13 00:10:00,2019-05-13 07:55:00,1.0,0.0,1.0,D42L,0.0,10.0,475.0,C25,arr,dpt
3K534,3K593,9VJSW,A320,PAX,0.0,PNH,HKT,2019-05-13 12:25:00,2019-05-13 13:25:00,1.0,0.0,1.0,D35,0.0,745.0,805.0,C11,arr,dpt
3K594,3K677,9VJSW,A320,PAX,0.0,PEN,PNH,2019-05-13 18:25:00,2019-05-13 19:15:00,1.0,0.0,1.0,C16,0.0,1105.0,1155.0,D35,arr,dpt
3K678,3K678,9VJSW,A320,PAX,0.0,,PEN,2019-05-13 22:55:00,2019-05-13 23:59:00,1.0,0.0,0.0,D35,0.0,1375.0,1439.0,D38,arr,tow
3K538,3K817,9VJSV,A320,PAX,0.0,HAK,HKT,2019-05-13 00:50:00,2019-05-13 07:35:00,1.0,0.0,1.0,C26,0.0,50.0,455.0,C26,arr,dpt
3K818,3K765,9VJSV,A320,PAX,0.0,MNL,HAK,2019-05-13 15:30:00,2019-05-13 17:25:00,1.0,0.0,1.0,D35,0.0,930.0,1045.0,D37,arr,dpt
3K766,3K581,9VJSR,A320,PAX,0.0,RGN,MNL,2019-05-13 01:20:00,2019-05-13 08:55:00,1.0,0.0,1.0,D37,0.0,80.0,535.0,D34,arr,dpt
3K582,3K583,9VJSR,A320,PAX,0.0,RGN,RGN,2019-05-13 15:50:00,2019-05-13 16:55:00,1.0,0.0,1.0,D42R,0.0,950.0,1015.0,C11,arr,dpt
3K584,3K584,9VJSR,A320,PAX,0.0,,RGN,2019-05-13 23:50:00,2019-05-13 23:59:00,1.0,0.0,0.0,C16,0.0,1430.0,1439.0,D48,arr,tow
3K592,3K671,9VJSJ,A320,PAX,0.0,PEN,PNH,2019-05-13 00:30:00,2019-05-13 09:45:00,1.0,0.0,1.0,C17R,0.0,30.0,585.0,D37,arr,dpt
3K672,3K601,9VJSJ,A320,PAX,0.0,REP,PEN,2019-05-13 13:20:00,2019-05-13 13:55:00,1.0,0.0,1.0,C25,0.0,800.0,835.0,C17L,arr,dpt
3K602,3K602,9VJSJ,A320,PAX,0.0,,REP,2019-05-13 19:15:00,2019-05-13 23:59:00,1.0,0.0,0.0,C11,0.0,1155.0,1439.0,C19,arr,tow
3K722,3K721,9VJSO,A320,PAX,0.0,KIX,KIX,2019-05-13 01:10:00,2019-05-13 07:00:00,1.0,0.0,1.0,D32,0.0,70.0,420.0,C16,arr,dpt
3K723,3K723,9VJSF,A320,PAX,0.0,KIX,,2019-05-13 00:00:00,2019-05-13 01:10:00,1.0,0.0,1.0,C18,0.0,0.0,70.0,C11,arr,dpt
3K724,3K724,9VJSF,A320,PAX,0.0,,KIX,2019-05-13 20:15:00,2019-05-13 23:59:00,1.0,0.0,0.0,D46,0.0,1215.0,1439.0,D38,arr,tow
3U8093,3U8094,B8599,A321,PAX,0.0,CTU,CTU,2019-05-13 18:40:00,2019-05-13 19:40:00,1.0,0.0,1.0,E20,0.0,1120.0,1180.0,E27L,arr,dpt
5J537,5J538,RPC3237,A320,PAX,0.0,CRK,CRK,2019-05-13 16:00:00,2019-05-13 16:45:00,1.0,0.0,1.0,G2,0.0,960.0,1005.0,G17,arr,dpt
5J547,5J547,RPC3271,A320,PAX,0.0,,CEB,2019-05-13 23:40:00,2019-05-13 23:59:00,1.0,0.0,0.0,G3,0.0,1420.0,1439.0,G4,arr,tow
5J548,5J548,RPC3260,A320,PAX,0.0,CEB,,2019-05-13 00:00:00,2019-05-13 02:00:00,1.0,0.0,1.0,G11,0.0,0.0,120.0,G2,arr,dpt
5J803,5J804,RPC4114,A321,PAX,0.0,MNL,MNL,2019-05-13 00:05:00,2019-05-13 01:35:00,1.0,0.0,1.0,G14,0.0,5.0,95.0,G5,arr,dpt
5J805,5J806,RPC3344,A333,PAX,0.0,MNL,MNL,2019-05-13 17:25:00,2019-05-13 18:50:00,1.0,0.0,1.0,G19,1.0,1045.0,1130.0,G21,arr,dpt
5J813,5J814,RPC4117,A321,PAX,0.0,MNL,MNL,2019-05-13 09:35:00,2019-05-13 10:35:00,1.0,0.0,1.0,G11,0.0,575.0,635.0,G17,arr,dpt
5X169,5X166,N325UP,B762,CGO,0.0,SZX,HKG,2019-05-13 00:10:00,2019-05-13 21:40:00,1.0,0.0,1.0,601,1.0,10.0,1300.0,305,arr,dpt
6E41,6E35,VTIER,A320,PAX,0.0,TRZ,CCU,2019-05-13 12:55:00,2019-05-13 14:00:00,1.0,0.0,1.0,F59R,0.0,775.0,840.0,E8,arr,dpt
6E37,6E42,VTIAX,A320,PAX,0.0,CCU,TRZ,2019-05-13 01:45:00,2019-05-13 02:45:00,1.0,0.0,1.0,F50,0.0,105.0,165.0,F54,arr,dpt
6E51,6E52,VTIFI,A320,PAX,0.0,MAA,MAA,2019-05-13 11:15:00,2019-05-13 12:20:00,1.0,0.0,1.0,F36,0.0,675.0,740.0,F35L,arr,dpt
6E53,6E54,VTIEP,A320,PAX,0.0,MAA,MAA,2019-05-13 04:40:00,2019-05-13 05:40:00,1.0,0.0,1.0,F50,0.0,280.0,340.0,F59R,arr,dpt
6E73,6E58,VTIEH,A320,PAX,0.0,BLR,BLR,2019-05-13 04:25:00,2019-05-13 05:30:00,1.0,0.0,1.0,E27R,0.0,265.0,330.0,F56L,arr,dpt
8M231,8M232,XYAGV,A319,PAX,0.0,RGN,RGN,2019-05-13 12:50:00,2019-05-13 13:50:00,1.0,0.0,1.0,D38,0.0,770.0,830.0,C19,arr,dpt
9C8549,9C8550,B8647,A320,PAX,0.0,PVG,PVG,2019-05-13 22:10:00,2019-05-13 23:10:00,1.0,0.0,1.0,G12,0.0,1330.0,1390.0,G1,arr,dpt
AF256,AF257,FGSQI,B77W,PAX,0.0,CDG,CDG,2019-05-13 15:45:00,2019-05-13 22:35:00,1.0,0.0,1.0,D32,1.0,945.0,1355.0,C1,arr,dpt
AI342,AI347,VTCIO,A320,PAX,0.0,MAA,BOM,2019-05-13 07:50:00,2019-05-13 09:00:00,1.0,0.0,1.0,E1,0.0,470.0,540.0,E1,arr,dpt
AI346,AI343,VTCIO,A320,PAX,0.0,BOM,MAA,2019-05-13 17:55:00,2019-05-13 19:15:00,1.0,0.0,1.0,F32,0.0,1075.0,1155.0,F35L,arr,dpt
AI380,AI381,VTANA,B788,PAX,0.0,DEL,DEL,2019-05-13 07:30:00,2019-05-13 08:35:00,1.0,0.0,1.0,F60,1.0,450.0,515.0,E3,arr,dpt
AK1311,AK1310,9MAQU,A320,PAX,0.0,IPH,IPH,2019-05-13 11:00:00,2019-05-13 11:40:00,1.0,0.0,1.0,G20R,0.0,660.0,700.0,G12,arr,dpt
AK1721,AK1720,9MAHR,A320,PAX,0.0,PEN,PEN,2019-05-13 10:55:00,2019-05-13 11:25:00,1.0,0.0,1.0,G15,0.0,655.0,685.0,G10,arr,dpt
AK1723,AK1722,9MAHJ,A320,PAX,0.0,PEN,PEN,2019-05-13 13:20:00,2019-05-13 13:50:00,1.0,0.0,1.0,G8,0.0,800.0,830.0,G15,arr,dpt
AK1725,AK1724,9MAHJ,A320,PAX,0.0,PEN,PEN,2019-05-13 17:10:00,2019-05-13 17:35:00,1.0,0.0,1.0,G18L,0.0,1030.0,1055.0,G1,arr,dpt
AK1729,AK1730,9MAHJ,A320,PAX,0.0,PEN,PEN,2019-05-13 21:00:00,2019-05-13 21:40:00,1.0,0.0,1.0,G11,0.0,1260.0,1300.0,G7,arr,dpt
AK1727,AK1726,9MAQR,A320,PAX,0.0,PEN,PEN,2019-05-13 22:00:00,2019-05-13 22:30:00,1.0,0.0,1.0,G1,0.0,1320.0,1350.0,G4,arr,dpt
AK1757,AK1758,9MAJA,A320,PAX,0.0,MYY,MYY,2019-05-13 11:55:00,2019-05-13 12:25:00,1.0,0.0,1.0,G12,0.0,715.0,745.0,G8,arr,dpt
AK1775,AK1776,9MAGT,A320,PAX,0.0,KCH,KCH,2019-05-13 11:15:00,2019-05-13 11:45:00,1.0,0.0,1.0,G8,0.0,675.0,705.0,G4,arr,dpt
AK1791,AK1792,9MAQZ,A320,PAX,0.0,BKI,BKI,2019-05-13 17:10:00,2019-05-13 17:40:00,1.0,0.0,1.0,G6,0.0,1030.0,1060.0,G10,arr,dpt
AK1793,AK1794,9MAFW,A320,PAX,0.0,BKI,BKI,2019-05-13 11:30:00,2019-05-13 12:10:00,1.0,0.0,1.0,G14,0.0,690.0,730.0,G13,arr,dpt
AK701,AK700,9MAJT,A320,PAX,0.0,KUL,KUL,2019-05-13 07:15:00,2019-05-13 07:45:00,1.0,0.0,1.0,G17,0.0,435.0,465.0,G1,arr,dpt
AK713,AK712,9MAJT,A320,PAX,0.0,KUL,KUL,2019-05-13 13:40:00,2019-05-13 14:10:00,1.0,0.0,1.0,G10,0.0,820.0,850.0,G10,arr,dpt
AK703,AK702,9MAGV,A20N,PAX,0.0,KUL,KUL,2019-05-13 08:40:00,2019-05-13 09:10:00,1.0,0.0,1.0,G17,0.0,520.0,550.0,G4,arr,dpt
AK705,AK704,9MAJG,A320,PAX,0.0,KUL,KUL,2019-05-13 09:50:00,2019-05-13 10:30:00,1.0,0.0,1.0,G9,0.0,590.0,630.0,G11,arr,dpt
AK707,AK706,9MAFB,A320,PAX,0.0,KUL,KUL,2019-05-13 11:10:00,2019-05-13 11:40:00,1.0,0.0,1.0,G1,0.0,670.0,700.0,G15,arr,dpt
AK711,AK710,9MRAE,A320,PAX,0.0,KUL,KUL,2019-05-13 13:00:00,2019-05-13 13:30:00,1.0,0.0,1.0,G12,0.0,780.0,810.0,G14,arr,dpt
AK715,AK714,9MAHS,A320,PAX,0.0,KUL,KUL,2019-05-13 15:40:00,2019-05-13 16:10:00,1.0,0.0,1.0,G4,0.0,940.0,970.0,G2,arr,dpt
AK717,AK716,9MRAB,A20N,PAX,0.0,KUL,KUL,2019-05-13 18:30:00,2019-05-13 19:10:00,1.0,0.0,1.0,G5,0.0,1110.0,1150.0,G9,arr,dpt
AK719,AK718,9MNEO,A20N,PAX,0.0,KUL,KUL,2019-05-13 20:00:00,2019-05-13 20:45:00,1.0,0.0,1.0,G8,0.0,1200.0,1245.0,G5,arr,dpt
AK721,AK720,9MAQI,A320,PAX,0.0,KUL,KUL,2019-05-13 20:50:00,2019-05-13 21:20:00,1.0,0.0,1.0,G13,0.0,1250.0,1280.0,G11,arr,dpt
AK732,AK733,9MAJN,A320,PAX,0.0,LGK,LGK,2019-05-13 10:20:00,2019-05-13 10:55:00,1.0,0.0,1.0,G19R,0.0,620.0,655.0,G8,arr,dpt
AY131,AY132,OHLWM,A359,PAX,0.0,HEL,HEL,2019-05-13 16:30:00,2019-05-13 23:25:00,1.0,0.0,1.0,D34,1.0,990.0,1405.0,D49,arr,dpt
BA011,BA012,GXLEK,A388,PAX,0.0,LHR,LHR,2019-05-13 16:05:00,2019-05-13 23:15:00,1.0,0.0,1.0,C25,1.0,965.0,1395.0,C26,arr,dpt
BA015,BA015,GSTBF,B77W,PAX,0.0,SYD,LHR,2019-05-13 17:45:00,2019-05-13 19:25:00,1.0,0.0,1.0,C22,1.0,1065.0,1165.0,C22,arr,dpt
BA016,BA016,GSTBE,B77W,PAX,0.0,LHR,SYD,2019-05-13 21:05:00,2019-05-13 22:35:00,1.0,0.0,1.0,C24,1.0,1265.0,1355.0,C24,arr,dpt
BG084,BG085,S2AFL,B738,PAX,0.0,DAC,DAC,2019-05-13 14:40:00,2019-05-13 15:50:00,1.0,0.0,1.0,D48,0.0,880.0,950.0,D49,arr,dpt
BI421,BI422,V8RBE,A320,PAX,0.0,BWN,BWN,2019-05-13 11:20:00,2019-05-13 12:10:00,1.0,0.0,1.0,E28,0.0,680.0,730.0,F59R,arr,dpt
BI423,BI424,V8RBD,A320,PAX,0.0,BWN,BWN,2019-05-13 20:35:00,2019-05-13 21:25:00,1.0,0.0,1.0,F52R,0.0,1235.0,1285.0,E27R,arr,dpt
BL111,BL110,VNA571,A320,PAX,0.0,SGN,SGN,2019-05-13 10:10:00,2019-05-13 11:00:00,1.0,0.0,1.0,C18,0.0,610.0,660.0,C25,arr,dpt
BR215,BR216,B16726,B77W,PAX,0.0,TPE,TPE,2019-05-13 13:50:00,2019-05-13 15:10:00,1.0,0.0,1.0,A13,1.0,830.0,910.0,A11,arr,dpt
BR225,BR226,B16732,B77W,PAX,0.0,TPE,TPE,2019-05-13 12:00:00,2019-05-13 13:10:00,1.0,0.0,1.0,B7,1.0,720.0,790.0,B5,arr,dpt
CA403,CA404,B6793,A320,PAX,0.0,INC,INC,2019-05-13 15:00:00,2019-05-13 16:00:00,1.0,0.0,1.0,D47,0.0,900.0,960.0,C17R,arr,dpt
CA775,CA776,B5978,A333,PAX,0.0,PEK,PEK,2019-05-13 16:25:00,2019-05-13 18:00:00,1.0,0.0,1.0,C17,1.0,985.0,1080.0,D32,arr,dpt
CA969,CA970,B7879,B789,PAX,0.0,PEK,PEK,2019-05-13 21:55:00,2019-05-13 23:25:00,1.0,0.0,1.0,C22,1.0,1315.0,1405.0,D37,arr,dpt
CA975,CA976,B5977,A333,PAX,0.0,PEK,PEK,2019-05-13 06:30:00,2019-05-13 09:00:00,1.0,0.0,1.0,D47,1.0,390.0,540.0,D36,arr,dpt
CI751,CI751,B18361,A333,PAX,0.0,SUB,TPE,2019-05-13 19:15:00,2019-05-13 20:30:00,1.0,0.0,1.0,A21,1.0,1155.0,1230.0,B5,arr,dpt
CI752,CI752,B18306,A333,PAX,0.0,TPE,SUB,2019-05-13 09:25:00,2019-05-13 10:25:00,1.0,0.0,1.0,A5,1.0,565.0,625.0,A13,arr,dpt
CI753,CI754,B18315,A333,PAX,0.0,TPE,TPE,2019-05-13 12:25:00,2019-05-13 13:25:00,1.0,0.0,1.0,A13,1.0,745.0,805.0,B1,arr,dpt
CI7925,CI7926,B18356,A333,PAX,0.0,TPE,TPE,2019-05-13 02:15:00,2019-05-13 03:15:00,1.0,0.0,1.0,B8,1.0,135.0,195.0,B7,arr,dpt
CX635,CX636,BLXH,A35K,PAX,0.0,HKG,HKG,2019-05-13 19:10:00,2019-05-13 20:10:00,1.0,0.0,1.0,G21,1.0,1150.0,1210.0,G20,arr,dpt
CX659,CX650,BLAM,A333,PAX,0.0,HKG,HKG,2019-05-13 05:30:00,2019-05-13 06:35:00,1.0,0.0,1.0,G19,1.0,330.0,395.0,G18,arr,dpt
CX691,CX652,BLAQ,A333,PAX,0.0,HKG,HKG,2019-05-13 11:55:00,2019-05-13 12:55:00,1.0,0.0,1.0,G21,1.0,715.0,775.0,G19,arr,dpt
CX658,CX658,BHNP,B773,PAX,0.0,HKG,,2019-05-13 00:00:00,2019-05-13 09:50:00,1.0,0.0,1.0,G20,1.0,0.0,590.0,G18,arr,dpt
CX710,CX710,BLAZ,A333,PAX,0.0,HKG,,2019-05-13 00:00:00,2019-05-13 08:00:00,1.0,0.0,1.0,G21,1.0,0.0,480.0,G21,arr,dpt
CX711,CX711,BLAL,A333,PAX,0.0,,HKG,2019-05-13 20:35:00,2019-05-13 23:59:00,1.0,0.0,0.0,G18,1.0,1235.0,1439.0,G21,arr,tow
CX759,CX712,BLAK,A333,PAX,0.0,HKG,HKG,2019-05-13 12:25:00,2019-05-13 13:25:00,1.0,0.0,1.0,G19,1.0,745.0,805.0,G18,arr,dpt
CX717,CX716,BLXC,A35K,PAX,0.0,HKG,HKG,2019-05-13 15:25:00,2019-05-13 18:00:00,1.0,0.0,1.0,G21,1.0,925.0,1080.0,G19,arr,dpt
CX739,CX734,BHNR,B77W,PAX,0.0,HKG,HKG,2019-05-13 15:05:00,2019-05-13 16:05:00,1.0,0.0,1.0,G18,1.0,905.0,965.0,G18,arr,dpt
CX735,CX735,BKQE,B77W,PAX,0.0,,HKG,2019-05-13 18:25:00,2019-05-13 23:59:00,1.0,0.0,0.0,G20,1.0,1105.0,1439.0,G18,arr,tow
CZ3039,CZ3040,B6202,A319,PAX,0.0,CAN,CAN,2019-05-13 16:50:00,2019-05-13 17:50:00,1.0,0.0,1.0,C11,0.0,1010.0,1070.0,C17L,arr,dpt
CZ351,CZ351,B6303,A320,PAX,0.0,,CAN,2019-05-13 22:30:00,2019-05-13 23:59:00,1.0,0.0,0.0,C23,0.0,1350.0,1439.0,C17R,arr,tow
CZ352,CZ352,B6683,A321,PAX,0.0,CAN,,2019-05-13 00:00:00,2019-05-13 08:00:00,1.0,0.0,1.0,D38,0.0,0.0,480.0,C17L,arr,dpt
CZ353,CZ354,B1917,B738,PAX,0.0,CAN,CAN,2019-05-13 12:30:00,2019-05-13 13:30:00,1.0,0.0,1.0,C11,0.0,750.0,810.0,D35,arr,dpt
CZ8489,CZ8490,B1803,A320,PAX,0.0,CAN,CAN,2019-05-13 03:05:00,2019-05-13 03:55:00,1.0,0.0,1.0,D46,0.0,185.0,235.0,C18,arr,dpt
DL168,DL168,N1201P,B763,PAX,0.0,NRT,,2019-05-13 00:00:00,2019-05-13 05:45:00,1.0,0.0,1.0,D48,1.0,0.0,345.0,D36,arr,dpt
DL169,DL169,N176DZ,B763,PAX,0.0,,NRT,2019-05-13 23:45:00,2019-05-13 23:59:00,1.0,0.0,0.0,D34,1.0,1425.0,1439.0,D36,arr,tow
EK352,EK353,A6ECW,B77W,PAX,0.0,DXB,DXB,2019-05-13 08:50:00,2019-05-13 10:25:00,1.0,0.0,1.0,C13,1.0,530.0,625.0,C15,arr,dpt
EK404,EK404,A6EQF,B77W,PAX,0.0,MEL,DXB,2019-05-13 20:55:00,2019-05-13 22:40:00,1.0,0.0,1.0,D44,1.0,1255.0,1360.0,C13,arr,dpt
EK405,EK405,A6EQE,B77W,PAX,0.0,DXB,,2019-05-13 00:00:00,2019-05-13 01:40:00,1.0,0.0,1.0,C24,1.0,0.0,100.0,C15,arr,dpt
EK405,EK405,A6ECU,B77W,PAX,0.0,,MEL,2019-05-13 23:50:00,2019-05-13 23:59:00,1.0,0.0,0.0,C22,1.0,1430.0,1439.0,C24,arr,tow
EK432,EK432,A6ECV,B77W,PAX,0.0,BNE,DXB,2019-05-13 14:05:00,2019-05-13 15:35:00,1.0,0.0,1.0,C15,1.0,845.0,935.0,C15,arr,dpt
EK433,EK433,A6ECT,B77W,PAX,0.0,DXB,BNE,2019-05-13 08:15:00,2019-05-13 09:40:00,1.0,0.0,1.0,C24,1.0,495.0,580.0,C13,arr,dpt
EK9820,EK9820,A6EFO,B77X,CGO,0.0,HKG,DWC,2019-05-13 05:20:00,2019-05-13 06:55:00,1.0,0.0,1.0,508,1.0,320.0,415.0,603,arr,dpt
ET639,ET639,ETAOT,B788,PAX,0.0,ADD,KUL,2019-05-13 00:35:00,2019-05-13 02:00:00,1.0,0.0,1.0,D41,1.0,35.0,120.0,E5,arr,dpt
EY470,EY473,A6ETN,B77W,PAX,0.0,AUH,AUH,2019-05-13 09:55:00,2019-05-13 20:10:00,1.0,0.0,1.0,F60,1.0,595.0,1210.0,F58,arr,dpt
FD351,FD350,HSCBJ,A20N,PAX,0.0,DMK,DMK,2019-05-13 20:05:00,2019-05-13 20:40:00,1.0,0.0,1.0,G6,0.0,1205.0,1240.0,G1,arr,dpt
FD353,FD352,HSABF,A320,PAX,0.0,DMK,DMK,2019-05-13 21:40:00,2019-05-13 22:10:00,1.0,0.0,1.0,G13,0.0,1300.0,1330.0,G12,arr,dpt
FD355,FD354,HSBBX,A20N,PAX,0.0,DMK,DMK,2019-05-13 16:35:00,2019-05-13 17:05:00,1.0,0.0,1.0,G19L,0.0,995.0,1025.0,G12,arr,dpt
FD357,FD356,HSABO,A320,PAX,0.0,DMK,DMK,2019-05-13 14:05:00,2019-05-13 14:40:00,1.0,0.0,1.0,G13,0.0,845.0,880.0,G8,arr,dpt
FD359,FD358,HSBBL,A320,PAX,0.0,DMK,DMK,2019-05-13 10:25:00,2019-05-13 10:55:00,1.0,0.0,1.0,G21R,0.0,625.0,655.0,G6,arr,dpt
FD376,FD377,HSABR,A320,PAX,0.0,HKT,HKT,2019-05-13 12:45:00,2019-05-13 13:15:00,1.0,0.0,1.0,G2,0.0,765.0,795.0,G2,arr,dpt
FJ361,FJ360,DQFJP,A332,PAX,0.0,NAN,NAN,2019-05-13 18:00:00,2019-05-13 20:55:00,1.0,0.0,1.0,C23,1.0,1080.0,1255.0,D44,arr,dpt
FX5311,FX5601,N864FD,B772,CGO,0.0,KIX,NRT,2019-05-13 01:35:00,2019-05-13 17:20:00,1.0,0.0,1.0,502,1.0,95.0,1040.0,611,arr,dpt
FX5419,FX6024,N880FD,B772,CGO,0.0,CAN,CAN,2019-05-13 05:00:00,2019-05-13 21:35:00,1.0,0.0,1.0,512,1.0,300.0,1295.0,612,arr,dpt
FX5601,FX5601,N104FE,B763,CGO,0.0,,PEN,2019-05-13 16:00:00,2019-05-13 23:59:00,1.0,0.0,0.0,514,1.0,960.0,1439.0,309,arr,tow
GA834,GA835,PKGMV,B738,PAX,0.0,CGK,CGK,2019-05-13 16:35:00,2019-05-13 17:40:00,1.0,0.0,1.0,A9,0.0,995.0,1060.0,B6,arr,dpt
GA822,GA822,PKGMV,B738,PAX,0.0,,CGK,2019-05-13 23:30:00,2019-05-13 23:59:00,1.0,0.0,0.0,C1,0.0,1410.0,1439.0,305,arr,tow
GA823,GA823,PKGMG,B738,PAX,0.0,CGK,,2019-05-13 00:00:00,2019-05-13 07:25:00,1.0,0.0,1.0,A16,0.0,0.0,445.0,462R,arr,dpt
GA824,GA825,PKGNL,B738,PAX,0.0,CGK,CGK,2019-05-13 09:00:00,2019-05-13 10:00:00,1.0,0.0,1.0,B3,0.0,540.0,600.0,B6,arr,dpt
GA828,GA829,PKGMZ,B738,PAX,0.0,CGK,CGK,2019-05-13 11:20:00,2019-05-13 12:20:00,1.0,0.0,1.0,A12,0.0,680.0,740.0,A11,arr,dpt
GA838,GA839,PKGMZ,B738,PAX,0.0,CGK,CGK,2019-05-13 19:20:00,2019-05-13 20:20:00,1.0,0.0,1.0,A14,0.0,1160.0,1220.0,A17,arr,dpt
GA832,GA833,PKGFJ,B738,PAX,0.0,CGK,CGK,2019-05-13 14:20:00,2019-05-13 15:20:00,1.0,0.0,1.0,A14,0.0,860.0,920.0,A16,arr,dpt
GA836,GA837,PKGMS,B738,PAX,0.0,CGK,CGK,2019-05-13 17:45:00,2019-05-13 18:45:00,1.0,0.0,1.0,B3,0.0,1065.0,1125.0,B3,arr,dpt
GA854,GA843,PKGNI,B738,PAX,0.0,DPS,SUB,2019-05-13 10:50:00,2019-05-13 11:50:00,1.0,0.0,1.0,B3,0.0,650.0,710.0,A3,arr,dpt
GA842,GA855,PKGNI,B738,PAX,0.0,SUB,DPS,2019-05-13 18:25:00,2019-05-13 19:30:00,1.0,0.0,1.0,B6,0.0,1105.0,1170.0,A18,arr,dpt
GX8967,GX8968,B306Q,A320,PAX,0.0,LHW,LHW,2019-05-13 01:45:00,2019-05-13 03:15:00,1.0,0.0,1.0,G12,0.0,105.0,195.0,G1,arr,dpt
HO1605,HO1606,B207N,B789,PAX,0.0,PVG,PVG,2019-05-13 21:20:00,2019-05-13 22:35:00,1.0,0.0,1.0,G21,1.0,1280.0,1355.0,G20,arr,dpt
ID7153,ID7154,PKLAT,A320,PAX,0.0,CGK,CGK,2019-05-13 10:30:00,2019-05-13 11:20:00,1.0,0.0,1.0,B7,0.0,630.0,680.0,A16,arr,dpt
ID7157,ID7158,PKLAT,A320,PAX,0.0,CGK,CGK,2019-05-13 21:15:00,2019-05-13 22:05:00,1.0,0.0,1.0,B4,0.0,1275.0,1325.0,A18,arr,dpt
IX486,IX485,VTAXT,B738,PAX,0.0,COK,COK,2019-05-13 19:30:00,2019-05-13 20:30:00,1.0,0.0,1.0,E27R,0.0,1170.0,1230.0,E1,arr,dpt
IX682,IX687,VTAYD,B738,PAX,0.0,MAA,TRZ,2019-05-13 01:15:00,2019-05-13 02:15:00,1.0,0.0,1.0,E20,0.0,75.0,135.0,E24R,arr,dpt
IX688,IX681,VTAYD,B738,PAX,0.0,TRZ,MAA,2019-05-13 12:25:00,2019-05-13 13:25:00,1.0,0.0,1.0,E6,0.0,745.0,805.0,E24L,arr,dpt
IX684,IX683,VTGHE,B738,PAX,0.0,IXM,IXM,2019-05-13 06:20:00,2019-05-13 10:45:00,1.0,0.0,1.0,E7,0.0,380.0,645.0,202L,arr,dpt
JL035,JL712,JA706J,B772,PAX,0.0,NRT,HND,2019-05-13 06:15:00,2019-05-13 08:10:00,1.0,0.0,1.0,D46,1.0,375.0,490.0,C18,arr,dpt
JL037,JL036,JA705J,B772,PAX,0.0,HND,HND,2019-05-13 17:35:00,2019-05-13 21:50:00,1.0,0.0,1.0,D47,1.0,1055.0,1310.0,D36,arr,dpt
JL711,JL038,JA704J,B772,PAX,0.0,HND,NRT,2019-05-13 00:20:00,2019-05-13 01:50:00,1.0,0.0,1.0,D44,1.0,20.0,110.0,C24,arr,dpt
JQ116,JQ117,VHVQK,A320,PAX,0.0,PER,PER,2019-05-13 00:10:00,2019-05-13 05:00:00,1.0,0.0,1.0,C25,0.0,10.0,300.0,D38,arr,dpt
JT150,JT163,PKLPI,B739,PAX,0.0,CGK,CGK,2019-05-13 11:05:00,2019-05-13 12:00:00,1.0,0.0,1.0,A9,0.0,665.0,720.0,A12,arr,dpt
JT162,JT157,PKLPI,B739,PAX,0.0,CGK,CGK,2019-05-13 16:30:00,2019-05-13 17:15:00,1.0,0.0,1.0,A14,0.0,990.0,1035.0,A18,arr,dpt
KE643,KE644,HL7533,B773,PAX,0.0,ICN,ICN,2019-05-13 19:55:00,2019-05-13 22:35:00,1.0,0.0,1.0,G19,1.0,1195.0,1355.0,G19,arr,dpt
KE645,KE645,HL7784,B77W,PAX,0.0,,ICN,2019-05-13 23:50:00,2019-05-13 23:59:00,1.0,0.0,0.0,G19,1.0,1430.0,1439.0,G18,arr,tow
KE646,KE646,HL8216,B77W,PAX,0.0,ICN,,2019-05-13 00:00:00,2019-05-13 01:10:00,1.0,0.0,1.0,G19,1.0,0.0,70.0,G18,arr,dpt
KE647,KE648,HL7587,A333,PAX,0.0,ICN,ICN,2019-05-13 05:00:00,2019-05-13 11:00:00,1.0,0.0,1.0,G18,1.0,300.0,660.0,G19,arr,dpt
KL835,KL835,PHBVA,B77W,PAX,0.0,DPS,AMS,2019-05-13 15:35:00,2019-05-13 16:50:00,1.0,0.0,1.0,C26,1.0,935.0,1010.0,D42,arr,dpt
KL836,KL836,PHBVA,B77W,PAX,0.0,,DPS,2019-05-13 23:15:00,2019-05-13 23:59:00,1.0,0.0,0.0,C24,1.0,1395.0,1439.0,D42,arr,tow
KL836,KL836,PHBVK,B77W,PAX,0.0,AMS,,2019-05-13 00:00:00,2019-05-13 00:40:00,1.0,0.0,1.0,D32,1.0,0.0,40.0,D42,arr,dpt
LD326,LD326,EIHEB,A333,CGO,0.0,HKG,,2019-05-13 00:00:00,2019-05-13 21:35:00,1.0,0.0,1.0,602,1.0,0.0,1295.0,601,arr,dpt
LH778,LH779,DAIMA,A388,PAX,0.0,FRA,FRA,2019-05-13 16:15:00,2019-05-13 23:40:00,1.0,0.0,1.0,E11,1.0,975.0,1420.0,E8,arr,dpt
LH790,LH791,DAIXH,A359,PAX,0.0,MUC,MUC,2019-05-13 16:05:00,2019-05-13 23:25:00,1.0,0.0,1.0,E8,1.0,965.0,1405.0,E20,arr,dpt
LO068,LO068,SPLSD,B789,PAX,0.0,WAW,,2019-05-13 00:00:00,2019-05-13 00:05:00,1.0,0.0,1.0,E4,1.0,0.0,5.0,F54,arr,dpt
LX176,LX177,HBJNA,B77W,PAX,0.0,ZRH,ZRH,2019-05-13 16:55:00,2019-05-13 23:30:00,1.0,0.0,1.0,F41,1.0,1015.0,1410.0,E4,arr,dpt
MF851,MF866,B1969,B738,PAX,0.0,FOC,XMN,2019-05-13 14:05:00,2019-05-13 15:05:00,1.0,0.0,1.0,C16,0.0,845.0,905.0,C25,arr,dpt
MF865,MF852,B5688,B738,PAX,0.0,XMN,FOC,2019-05-13 14:00:00,2019-05-13 15:00:00,1.0,0.0,1.0,D35,0.0,840.0,900.0,C16,arr,dpt
MF855,MF855,B5533,B738,PAX,0.0,,XIY,2019-05-13 23:00:00,2019-05-13 23:59:00,1.0,0.0,0.0,C15,0.0,1380.0,1439.0,C18,arr,tow
MF856,MF856,B5529,B738,PAX,0.0,XIY,,2019-05-13 00:00:00,2019-05-13 07:50:00,1.0,0.0,1.0,D30,0.0,0.0,470.0,C17R,arr,dpt
MF873,MF873,B6485,B738,PAX,0.0,,DLC,2019-05-13 22:15:00,2019-05-13 23:59:00,1.0,0.0,0.0,D48,0.0,1335.0,1439.0,C25,arr,tow
MF874,MF874,B1708,B738,PAX,0.0,DLC,,2019-05-13 00:00:00,2019-05-13 08:55:00,1.0,0.0,1.0,D42R,0.0,0.0,535.0,C19,arr,dpt
MH601,MH604,9MMLR,B738,PAX,0.0,KUL,KUL,2019-05-13 09:05:00,2019-05-13 09:55:00,1.0,0.0,1.0,F32,0.0,545.0,595.0,E3,arr,dpt
MH609,MH602,9MMSA,B738,PAX,0.0,KUL,KUL,2019-05-13 00:10:00,2019-05-13 06:40:00,1.0,0.0,1.0,E24L,0.0,10.0,400.0,E27L,arr,dpt
MH603,MH606,9MMLE,B738,PAX,0.0,KUL,KUL,2019-05-13 12:55:00,2019-05-13 13:40:00,1.0,0.0,1.0,E28,0.0,775.0,820.0,F31,arr,dpt
MH605,MH608,9MMLT,B738,PAX,0.0,KUL,KUL,2019-05-13 17:30:00,2019-05-13 18:10:00,1.0,0.0,1.0,E20,0.0,1050.0,1090.0,F59R,arr,dpt
MH607,MH610,9MMXW,B738,PAX,0.0,KUL,KUL,2019-05-13 20:25:00,2019-05-13 21:15:00,1.0,0.0,1.0,E20,0.0,1225.0,1275.0,E2,arr,dpt
MH611,MH614,9MFFF,B738,PAX,0.0,KUL,KUL,2019-05-13 10:15:00,2019-05-13 11:05:00,1.0,0.0,1.0,E27L,0.0,615.0,665.0,E8,arr,dpt
MH613,MH616,9MMLQ,B738,PAX,0.0,KUL,KUL,2019-05-13 18:25:00,2019-05-13 19:15:00,1.0,0.0,1.0,F54,0.0,1105.0,1155.0,E2,arr,dpt
MH619,MH620,9MMSB,B738,PAX,0.0,KUL,KUL,2019-05-13 15:35:00,2019-05-13 16:35:00,1.0,0.0,1.0,F37,0.0,935.0,995.0,F32,arr,dpt
MH623,MH624,9MMLJ,B738,PAX,0.0,KUL,KUL,2019-05-13 14:45:00,2019-05-13 15:35:00,1.0,0.0,1.0,E7,0.0,885.0,935.0,E1,arr,dpt
MH627,MH628,9MMLH,B738,PAX,0.0,KUL,KUL,2019-05-13 11:25:00,2019-05-13 12:15:00,1.0,0.0,1.0,F54,0.0,685.0,735.0,F31,arr,dpt
MH643,MH642,9MMXL,B738,PAX,0.0,KCH,KCH,2019-05-13 12:05:00,2019-05-13 12:50:00,1.0,0.0,1.0,F37,0.0,725.0,770.0,F30,arr,dpt
MI102,MI102,9VSLM,A320,PAX,0.0,SRG,,2019-05-13 00:00:00,2019-05-13 08:30:00,1.0,0.0,1.0,F32,0.0,0.0,510.0,G6,arr,dpt
MI101,MI518,9VSLM,A320,PAX,0.0,RGN,SRG,2019-05-13 13:20:00,2019-05-13 15:15:00,1.0,0.0,1.0,F37,0.0,800.0,915.0,F56L,arr,dpt
MI519,MI519,9VSLM,A320,PAX,0.0,,RGN,2019-05-13 22:10:00,2019-05-13 23:59:00,1.0,0.0,0.0,E3,0.0,1330.0,1439.0,E1,arr,tow
MI392,MI392,9VSLS,A320,PAX,0.0,BKI,,2019-05-13 00:00:00,2019-05-13 08:45:00,1.0,0.0,1.0,E6,0.0,0.0,525.0,G7,arr,dpt
MI391,MI128,9VSLS,A320,PAX,0.0,LOP,BKI,2019-05-13 14:15:00,2019-05-13 15:45:00,1.0,0.0,1.0,E3,0.0,855.0,945.0,F36,arr,dpt
MI127,MI127,9VSLS,A320,PAX,0.0,,LOP,2019-05-13 22:10:00,2019-05-13 23:59:00,1.0,0.0,0.0,E27R,0.0,1330.0,1439.0,E2,arr,tow
MI134,MI134,9VSLR,A320,PAX,0.0,BPN,,2019-05-13 00:00:00,2019-05-13 08:00:00,1.0,0.0,1.0,F52R,0.0,0.0,480.0,309,arr,dpt
MI133,MI224,9VSLR,A320,PAX,0.0,SUB,BPN,2019-05-13 13:25:00,2019-05-13 14:20:00,1.0,0.0,1.0,E24R,0.0,805.0,860.0,F32,arr,dpt
MI223,MI8902,9VSLR,A320,PAX,0.0,DMK,SUB,2019-05-13 19:55:00,2019-05-13 21:40:00,1.0,0.0,1.0,F56L,0.0,1195.0,1300.0,F59L,arr,dpt
MI467,MI142,9VMGA,B738,PAX,0.0,UPG,COK,2019-05-13 05:55:00,2019-05-13 07:55:00,1.0,0.0,1.0,F33,0.0,355.0,475.0,E2,arr,dpt
MI141,MI756,9VMGA,B738,PAX,0.0,HKT,UPG,2019-05-13 14:45:00,2019-05-13 16:20:00,1.0,0.0,1.0,E20,0.0,885.0,980.0,E2,arr,dpt
MI755,MI755,9VMGA,B738,PAX,0.0,,HKT,2019-05-13 20:40:00,2019-05-13 23:59:00,1.0,0.0,0.0,E24R,0.0,1240.0,1439.0,F32,arr,tow
MI937,MI152,9VMGF,B738,PAX,0.0,JOG,CTU,2019-05-13 04:10:00,2019-05-13 08:20:00,1.0,0.0,1.0,481,0.0,250.0,500.0,E27L,arr,dpt
MI151,MI196,9VMGF,B738,PAX,0.0,BDO,JOG,2019-05-13 13:50:00,2019-05-13 14:50:00,1.0,0.0,1.0,E6,0.0,830.0,890.0,F58,arr,dpt
MI195,MI356,9VMGF,B738,PAX,0.0,PEN,BDO,2019-05-13 19:40:00,2019-05-13 20:15:00,1.0,0.0,1.0,F56R,0.0,1180.0,1215.0,F30,arr,dpt
MI355,MI355,9VMGF,B738,PAX,0.0,,PEN,2019-05-13 23:50:00,2019-05-13 23:59:00,1.0,0.0,0.0,F52R,0.0,1430.0,1439.0,E27R,arr,tow
MI413,MI176,9VMGH,B738,PAX,0.0,DPS,KTM,2019-05-13 03:35:00,2019-05-13 07:00:00,1.0,0.0,1.0,D41,0.0,215.0,420.0,F32,arr,dpt
MI175,MI616,9VMGH,B738,PAX,0.0,REP,DPS,2019-05-13 13:00:00,2019-05-13 13:50:00,1.0,0.0,1.0,E4,0.0,780.0,830.0,E2,arr,dpt
MI615,MI456,9VMGH,B738,PAX,0.0,CJB,REP,2019-05-13 19:15:00,2019-05-13 20:15:00,1.0,0.0,1.0,E24R,0.0,1155.0,1215.0,F59R,arr,dpt
MI868,MI868,9VMGG,B738,PAX,0.0,HIJ,,2019-05-13 00:00:00,2019-05-13 01:45:00,1.0,0.0,1.0,E27R,0.0,0.0,105.0,F59R,arr,dpt
MI867,MI226,9VMGG,B738,PAX,0.0,SUB,HIJ,2019-05-13 15:45:00,2019-05-13 16:30:00,1.0,0.0,1.0,E27L,0.0,945.0,990.0,F56L,arr,dpt
MI225,MI876,9VMGG,B738,PAX,0.0,PUS,SUB,2019-05-13 21:55:00,2019-05-13 23:15:00,1.0,0.0,1.0,F52R,0.0,1315.0,1395.0,E27R,arr,dpt
MI234,MI234,9VMGC,B738,PAX,0.0,KNO,,2019-05-13 00:00:00,2019-05-13 07:40:00,1.0,0.0,1.0,D40R,0.0,0.0,460.0,D42L,arr,dpt
MI233,MI936,9VMGC,B738,PAX,0.0,CTU,KNO,2019-05-13 11:05:00,2019-05-13 12:45:00,1.0,0.0,1.0,F30,0.0,665.0,765.0,E27R,arr,dpt
MI935,MI935,9VMGC,B738,PAX,0.0,,CTU,2019-05-13 23:30:00,2019-05-13 23:59:00,1.0,0.0,0.0,E1,0.0,1410.0,1439.0,F30,arr,tow
MI473,MI602,9VMGI,B738,PAX,0.0,PNH,HYD,2019-05-13 06:10:00,2019-05-13 07:40:00,1.0,0.0,1.0,E27R,0.0,370.0,460.0,F59R,arr,dpt
MI601,MI754,9VMGI,B738,PAX,0.0,HKT,PNH,2019-05-13 12:40:00,2019-05-13 13:20:00,1.0,0.0,1.0,F52R,0.0,760.0,800.0,F52R,arr,dpt
MI753,MI238,9VMGI,B738,PAX,0.0,KNO,HKT,2019-05-13 17:40:00,2019-05-13 19:00:00,1.0,0.0,1.0,E6,0.0,1060.0,1140.0,F30,arr,dpt
MI237,MI237,9VMGI,B738,PAX,0.0,,KNO,2019-05-13 22:20:00,2019-05-13 23:59:00,1.0,0.0,0.0,F37,0.0,1340.0,1439.0,D40L,arr,tow
MI320,MI320,9VMGJ,B738,PAX,0.0,KUL,,2019-05-13 00:00:00,2019-05-13 06:00:00,1.0,0.0,1.0,F56L,0.0,0.0,360.0,D40L,arr,dpt
MI319,MI274,9VMGJ,B738,PAX,0.0,MDC,KUL,2019-05-13 08:35:00,2019-05-13 09:25:00,1.0,0.0,1.0,F30,0.0,515.0,565.0,F33,arr,dpt
MI468R,MI468R,9VMGJ,B738,CRW,0.0,,RTN,2019-05-13 21:00:00,2019-05-13 23:59:00,1.0,0.0,0.0,E7,0.0,1260.0,1439.0,E6,arr,tow
MI322,MI322,9VMGM,B738,PAX,0.0,KUL,,2019-05-13 00:00:00,2019-05-13 07:10:00,1.0,0.0,1.0,F35L,0.0,0.0,430.0,F52L,arr,dpt
MI321,MI606,9VMGM,B738,PAX,0.0,PNH,KUL,2019-05-13 09:55:00,2019-05-13 12:10:00,1.0,0.0,1.0,E24R,0.0,595.0,730.0,F41,arr,dpt
MI605,MI803,9VMGM,B738,PAX,0.0,DRW,PNH,2019-05-13 17:10:00,2019-05-13 18:30:00,1.0,0.0,1.0,E7,0.0,1030.0,1110.0,F33,arr,dpt
MI424,MI424,9VMGE,B738,PAX,0.0,BLR,,2019-05-13 00:00:00,2019-05-13 07:05:00,1.0,0.0,0.0,474,0.0,0.0,425.0,E24R,arr,tow
MI424,MI424,9VMGE,B738,PAX,0.0,BLR,,2019-05-13 07:05:00,2019-05-13 09:05:00,0.0,0.0,1.0,E24L,0.0,425.0,545.0,E24R,tow,dpt
MI423,MI342,9VMGE,B738,PAX,0.0,KUL,BLR,2019-05-13 19:00:00,2019-05-13 20:00:00,1.0,0.0,1.0,F37,0.0,1140.0,1200.0,F37,arr,dpt
MI341,MI341,9VMGE,B738,PAX,0.0,,KUL,2019-05-13 22:40:00,2019-05-13 23:59:00,1.0,0.0,0.0,E12,0.0,1360.0,1439.0,D41,arr,tow
MI346,MI346,9VMGL,B738,PAX,0.0,PEN,,2019-05-13 00:00:00,2019-05-13 08:05:00,1.0,0.0,1.0,F35R,0.0,0.0,485.0,E24L,arr,dpt
MI345,MI561,9VMGL,B738,PAX,0.0,CEB,PEN,2019-05-13 11:40:00,2019-05-13 12:35:00,1.0,0.0,1.0,E26,0.0,700.0,755.0,F34,arr,dpt
MI561,MI561,9VMGL,B738,PAX,0.0,,DVO,2019-05-13 22:35:00,2019-05-13 23:59:00,1.0,0.0,0.0,F56L,0.0,1355.0,1439.0,D40R,arr,tow
MI348,MI348,9VSLG,A320,PAX,0.0,PEN,,2019-05-13 00:00:00,2019-05-13 08:00:00,1.0,0.0,0.0,486,0.0,0.0,480.0,F52R,arr,tow
MI348,MI348,9VSLG,A320,PAX,0.0,PEN,,2019-05-13 08:00:00,2019-05-13 10:00:00,0.0,0.0,1.0,D40R,0.0,480.0,600.0,F52R,tow,dpt
MI347,MI706,9VSLG,A320,PAX,0.0,CNX,PEN,2019-05-13 13:40:00,2019-05-13 15:15:00,1.0,0.0,1.0,F50,0.0,820.0,915.0,F30,arr,dpt
MI705,MI705,9VSLG,A320,PAX,0.0,,CNX,2019-05-13 22:05:00,2019-05-13 23:59:00,1.0,0.0,0.0,F42,0.0,1325.0,1439.0,F52L,arr,tow
MI772,MI772,9VSBG,A319,PAX,0.0,USM,,2019-05-13 00:00:00,2019-05-13 08:10:00,1.0,0.0,1.0,F59L,0.0,0.0,490.0,G9,arr,dpt
MI771,MI350,9VSBG,A319,PAX,0.0,PEN,USM,2019-05-13 12:35:00,2019-05-13 13:20:00,1.0,0.0,1.0,E2,0.0,755.0,800.0,E7,arr,dpt
MI349,MI354,9VSBG,A319,PAX,0.0,PEN,PEN,2019-05-13 16:55:00,2019-05-13 19:00:00,1.0,0.0,1.0,E1,0.0,1015.0,1140.0,E24L,arr,dpt
MI353,MI353,9VSBG,A319,PAX,0.0,,PEN,2019-05-13 22:40:00,2019-05-13 23:59:00,1.0,0.0,0.0,D40L,0.0,1360.0,1439.0,F52R,arr,tow
MI441,MI774,9VSBH,A319,PAX,0.0,USM,VTZ,2019-05-13 05:50:00,2019-05-13 06:50:00,1.0,0.0,0.0,E20,0.0,350.0,410.0,F36,arr,tow
MI441,MI774,9VSBH,A319,PAX,0.0,USM,VTZ,2019-05-13 06:50:00,2019-05-13 08:25:00,0.0,1.0,0.0,484,0.0,410.0,505.0,F36,tow,tow
MI441,MI774,9VSBH,A319,PAX,0.0,USM,VTZ,2019-05-13 08:25:00,2019-05-13 10:25:00,0.0,0.0,1.0,F37,0.0,505.0,625.0,F36,tow,dpt
MI773,MI352,9VSBH,A319,PAX,0.0,PEN,USM,2019-05-13 14:55:00,2019-05-13 15:40:00,1.0,0.0,1.0,F52L,0.0,895.0,940.0,F33,arr,dpt
MI351,MI351,9VSBH,A319,PAX,0.0,,PEN,2019-05-13 19:25:00,2019-05-13 23:59:00,1.0,0.0,0.0,F35R,0.0,1165.0,1439.0,F52L,arr,tow
MI463,MI962,9VMGO,B738,PAX,0.0,SZX,COK,2019-05-13 04:25:00,2019-05-13 07:00:00,1.0,0.0,1.0,E5,0.0,265.0,420.0,F35L,arr,dpt
MI961,MI414,9VMGO,B738,PAX,0.0,KTM,SZX,2019-05-13 15:45:00,2019-05-13 17:10:00,1.0,0.0,1.0,F56R,0.0,945.0,1030.0,F30,arr,dpt
MI455,MI922,9VMGP,B738,PAX,0.0,XMN,CJB,2019-05-13 06:00:00,2019-05-13 08:00:00,1.0,0.0,1.0,F37,0.0,360.0,480.0,F37,arr,dpt
MI921,MI474,9VMGP,B738,PAX,0.0,HYD,XMN,2019-05-13 17:30:00,2019-05-13 20:00:00,1.0,0.0,1.0,F52L,0.0,1050.0,1200.0,E27R,arr,dpt
MI811,MI811,9VMGN,B738,PAX,0.0,CNS,,2019-05-13 00:00:00,2019-05-13 01:10:00,1.0,0.0,1.0,F50,0.0,0.0,70.0,E2,arr,dpt
MI812,MI608,9VMGN,B738,PAX,0.0,PNH,CNS,2019-05-13 15:25:00,2019-05-13 16:35:00,1.0,0.0,1.0,F41,0.0,925.0,995.0,F37,arr,dpt
MI607,MI468D,9VMGN,B738,PAX,0.0,COK,PNH,2019-05-13 21:25:00,2019-05-13 22:30:00,1.0,0.0,1.0,F40,0.0,1285.0,1350.0,E7,arr,dpt
MI471,MI482,9VMGK,B738,PAX,0.0,MLE,HYD,2019-05-13 08:05:00,2019-05-13 10:05:00,1.0,0.0,1.0,E2,0.0,485.0,605.0,F35L,arr,dpt
MI481,MI481,9VMGK,B738,PAX,0.0,,MLE,2019-05-13 20:40:00,2019-05-13 23:59:00,1.0,0.0,0.0,F59L,0.0,1240.0,1439.0,E27L,arr,tow
MI568,MI568,9VSLQ,A320,PAX,0.0,CEB,,2019-05-13 00:00:00,2019-05-13 08:15:00,1.0,0.0,0.0,402,0.0,0.0,495.0,E24L,arr,tow
MI568,MI568,9VSLQ,A320,PAX,0.0,CEB,,2019-05-13 08:15:00,2019-05-13 10:15:00,0.0,0.0,1.0,E27R,0.0,495.0,615.0,E24L,tow,dpt
MI567,MI567,9VSLQ,A320,PAX,0.0,,CEB,2019-05-13 18:30:00,2019-05-13 23:59:00,1.0,0.0,0.0,F36,0.0,1110.0,1439.0,F52R,arr,tow
MI632,MI632,9VMGB,B738,PAX,0.0,DAD,,2019-05-13 00:00:00,2019-05-13 09:00:00,1.0,0.0,1.0,F59R,0.0,0.0,540.0,F52L,arr,dpt
MI631,MI938,9VMGB,B738,PAX,0.0,CTU,DAD,2019-05-13 16:20:00,2019-05-13 17:45:00,1.0,0.0,1.0,F56L,0.0,980.0,1065.0,F52R,arr,dpt
MI957,MI752,9VSLP,A320,PAX,0.0,HKT,CSX,2019-05-13 04:55:00,2019-05-13 08:30:00,1.0,0.0,1.0,479,0.0,295.0,510.0,F30,arr,dpt
MI751,MI640,9VSLP,A320,PAX,0.0,DAD,HKT,2019-05-13 13:05:00,2019-05-13 14:00:00,1.0,0.0,1.0,E27R,0.0,785.0,840.0,E1,arr,dpt
MI639,MI639,9VSLP,A320,PAX,0.0,,DAD,2019-05-13 20:15:00,2019-05-13 23:59:00,1.0,0.0,0.0,F32,0.0,1215.0,1439.0,E24L,arr,tow
MI8921,MI972,9VMGD,B738,CHT,0.0,CKG,TPE,2019-05-13 01:05:00,2019-05-13 07:00:00,1.0,0.0,1.0,E3,0.0,65.0,420.0,E6,arr,dpt
MI971,MI758,9VMGD,B738,PAX,0.0,HKT,CKG,2019-05-13 17:25:00,2019-05-13 18:30:00,1.0,0.0,1.0,F52R,0.0,1045.0,1110.0,E1,arr,dpt
MI757,MI757,9VMGD,B738,PAX,0.0,,HKT,2019-05-13 22:55:00,2019-05-13 23:59:00,1.0,0.0,0.0,F40,0.0,1375.0,1439.0,E24R,arr,tow
MI986,MI986,9VSLO,A320,PAX,0.0,WUH,,2019-05-13 00:00:00,2019-05-13 09:00:00,1.0,0.0,1.0,D40L,0.0,0.0,540.0,E6,arr,dpt
MI985,MI985,9VSLO,A320,PAX,0.0,,WUH,2019-05-13 19:55:00,2019-05-13 23:59:00,1.0,0.0,0.0,E4,0.0,1195.0,1439.0,F35R,arr,tow
MI996,MI996,9VSLL,A320,PAX,0.0,FOC,,2019-05-13 00:00:00,2019-05-13 08:35:00,1.0,0.0,0.0,482,0.0,0.0,515.0,E27R,arr,tow
MI996,MI996,9VSLL,A320,PAX,0.0,FOC,,2019-05-13 08:35:00,2019-05-13 10:35:00,0.0,0.0,1.0,F59L,0.0,515.0,635.0,E27R,tow,dpt
MI995,MI995,9VSLL,A320,PAX,0.0,,FOC,2019-05-13 20:45:00,2019-05-13 23:59:00,1.0,0.0,0.0,E24L,0.0,1245.0,1439.0,F37,arr,tow
MU5081,MU5082,B6149,B738,PAX,0.0,KMG,KMG,2019-05-13 11:10:00,2019-05-13 12:10:00,1.0,0.0,1.0,A3,0.0,670.0,730.0,B3,arr,dpt
MU543,MU546,B1113,B789,PAX,0.0,PVG,PVG,2019-05-13 05:25:00,2019-05-13 10:10:00,1.0,0.0,1.0,A20,1.0,325.0,610.0,B5,arr,dpt
MU544,MU544,B5938,A332,PAX,0.0,CGQ,,2019-05-13 00:00:00,2019-05-13 00:55:00,1.0,0.0,1.0,A9,1.0,0.0,55.0,463,arr,dpt
MU545,MU545,B5921,A332,PAX,0.0,,CGQ,2019-05-13 21:55:00,2019-05-13 23:59:00,1.0,0.0,0.0,A9,1.0,1315.0,1439.0,462,arr,tow
MU565,MU566,B209N,B789,PAX,0.0,PVG,PVG,2019-05-13 20:10:00,2019-05-13 23:10:00,1.0,0.0,1.0,C1,1.0,1210.0,1390.0,B6,arr,dpt
MU567,MU568,B5920,A332,PAX,0.0,PVG,PVG,2019-05-13 15:35:00,2019-05-13 16:35:00,1.0,0.0,1.0,A10,1.0,935.0,995.0,A15,arr,dpt
NH801,NH802,JA900A,B78X,PAX,0.0,NRT,NRT,2019-05-13 00:25:00,2019-05-13 06:10:00,1.0,0.0,1.0,E4,1.0,25.0,370.0,E28,arr,dpt
NH841,NH844,JA875A,B789,PAX,0.0,HND,HND,2019-05-13 17:15:00,2019-05-13 22:10:00,1.0,0.0,1.0,F34,1.0,1035.0,1330.0,E28,arr,dpt
NH843,NH842,JA893A,B789,PAX,0.0,HND,HND,2019-05-13 06:40:00,2019-05-13 11:00:00,1.0,0.0,1.0,F42,1.0,400.0,660.0,E28,arr,dpt
NQ803,NQ803,JA836A,B789,PAX,0.0,,NRT,2019-05-13 23:15:00,2019-05-13 23:59:00,1.0,0.0,0.0,F58,1.0,1395.0,1439.0,F58,arr,tow
NQ804,NQ804,JA872A,B789,PAX,0.0,NRT,,2019-05-13 00:00:00,2019-05-13 00:35:00,1.0,0.0,1.0,E26,1.0,0.0,35.0,E3,arr,dpt
NS3527,NS3528,B1560,B738,PAX,0.0,SJW,SJW,2019-05-13 16:10:00,2019-05-13 17:00:00,1.0,0.0,1.0,D37,0.0,970.0,1020.0,D35,arr,dpt
NZ282,NZ281,ZKNZJ,B789,PAX,0.0,AKL,AKL,2019-05-13 06:40:00,2019-05-13 08:50:00,1.0,0.0,1.0,C1,1.0,400.0,530.0,A19,arr,dpt
OD801,OD802,9MLNM,B738,PAX,0.0,KUL,KUL,2019-05-13 09:20:00,2019-05-13 10:10:00,1.0,0.0,1.0,C20,0.0,560.0,610.0,A18,arr,dpt
OD803,OD804,9MLNS,B738,PAX,0.0,KUL,KUL,2019-05-13 11:30:00,2019-05-13 12:20:00,1.0,0.0,1.0,C1,0.0,690.0,740.0,B6,arr,dpt
OD807,OD808,9MLCD,B738,PAX,0.0,KUL,KUL,2019-05-13 16:10:00,2019-05-13 17:00:00,1.0,0.0,1.0,C20,0.0,970.0,1020.0,B3,arr,dpt
OD805,OD806,9MLCD,B738,PAX,0.0,KUL,KUL,2019-05-13 20:40:00,2019-05-13 21:30:00,1.0,0.0,1.0,A9,0.0,1240.0,1290.0,A9,arr,dpt
OZ751,OZ752,HL8359,A359,PAX,0.0,ICN,ICN,2019-05-13 21:30:00,2019-05-13 22:50:00,1.0,0.0,1.0,B8,1.0,1290.0,1370.0,B8,arr,dpt
OZ753,OZ754,HL7791,B772,PAX,0.0,ICN,ICN,2019-05-13 01:30:00,2019-05-13 02:45:00,1.0,0.0,1.0,B6,1.0,90.0,165.0,B5,arr,dpt
PG961,PG962,HSPGN,A319,PAX,0.0,BKK,BKK,2019-05-13 19:20:00,2019-05-13 20:15:00,1.0,0.0,1.0,D38,0.0,1160.0,1215.0,D47,arr,dpt
PG963,PG968,HSPGT,A319,PAX,0.0,BKK,BKK,2019-05-13 16:25:00,2019-05-13 17:20:00,1.0,0.0,1.0,C18,0.0,985.0,1040.0,C16,arr,dpt
PN6357,PN6357,B1898,A320,PAX,0.0,,URC,2019-05-13 23:35:00,2019-05-13 23:59:00,1.0,0.0,0.0,G12,0.0,1415.0,1439.0,G2,arr,tow
PN6358,PN6358,B1897,A320,PAX,0.0,URC,,2019-05-13 00:00:00,2019-05-13 00:35:00,1.0,0.0,1.0,G13,0.0,0.0,35.0,G1,arr,dpt
PO980,PO980,N416MC,B74Y,CGO,0.0,HKG,,2019-05-13 00:00:00,2019-05-13 00:50:00,1.0,0.0,1.0,516,1.0,0.0,50.0,602,arr,dpt
PR510,PR510,RPC9903,A321,PAX,0.0,MNL,,2019-05-13 00:00:00,2019-05-13 00:30:00,1.0,0.0,1.0,D46,0.0,0.0,30.0,D35,arr,dpt
PR511,PR502,RPC9903,A321,PAX,0.0,MNL,MNL,2019-05-13 09:40:00,2019-05-13 10:30:00,1.0,0.0,1.0,D36,0.0,580.0,630.0,C17R,arr,dpt
PR501,PR512,RPC9903,A321,PAX,0.0,MNL,MNL,2019-05-13 18:50:00,2019-05-13 19:45:00,1.0,0.0,1.0,D42L,0.0,1130.0,1185.0,C1,arr,dpt
PR507,PR508,RPC7777,B77W,PAX,0.0,MNL,MNL,2019-05-13 13:40:00,2019-05-13 14:30:00,1.0,0.0,1.0,C24,1.0,820.0,870.0,C13,arr,dpt
PR509,PR509,RPC9925,A321,PAX,0.0,,MNL,2019-05-13 23:10:00,2019-05-13 23:59:00,1.0,0.0,0.0,D38,0.0,1390.0,1439.0,C16,arr,tow
PX392,PX393,P2PXW,B763,PAX,0.0,POM,POM,2019-05-13 18:30:00,2019-05-13 20:15:00,1.0,0.0,1.0,D35,1.0,1110.0,1215.0,D37,arr,dpt
QF001,QF001,VHOQL,A388,PAX,0.0,LHR,SYD,2019-05-13 22:15:00,2019-05-13 23:55:00,1.0,0.0,1.0,C26,1.0,1335.0,1435.0,D46,arr,dpt
QF002,QF002,VHOQC,A388,PAX,0.0,SYD,LHR,2019-05-13 17:25:00,2019-05-13 19:30:00,1.0,0.0,1.0,D46,1.0,1045.0,1170.0,D46,arr,dpt
QF035,QF036,VHOQK,A388,PAX,0.0,MEL,MEL,2019-05-13 17:55:00,2019-05-13 20:15:00,1.0,0.0,1.0,C26,1.0,1075.0,1215.0,C25,arr,dpt
QF037,QF038,VHEBJ,A332,PAX,0.0,MEL,MEL,2019-05-13 22:25:00,2019-05-13 23:50:00,1.0,0.0,1.0,C18,1.0,1345.0,1430.0,D44,arr,dpt
QF051,QF082,VHQPB,A333,PAX,0.0,SYD,BNE,2019-05-13 18:15:00,2019-05-13 21:10:00,1.0,0.0,1.0,C20,1.0,1095.0,1270.0,C15,arr,dpt
QF081,QF052,VHQPF,A333,PAX,0.0,BNE,SYD,2019-05-13 16:50:00,2019-05-13 20:30:00,1.0,0.0,1.0,D48,1.0,1010.0,1230.0,D34,arr,dpt
QF071,QF072,VHEBC,A332,PAX,0.0,PER,PER,2019-05-13 17:20:00,2019-05-13 18:40:00,1.0,0.0,1.0,D44,1.0,1040.0,1120.0,C13,arr,dpt
QR942,QR943,A7ALV,A359,PAX,0.0,DOH,DOH,2019-05-13 09:05:00,2019-05-13 10:45:00,1.0,0.0,1.0,C15,1.0,545.0,645.0,D32,arr,dpt
QR944,QR947,A7AME,A359,PAX,0.0,DOH,DOH,2019-05-13 20:15:00,2019-05-13 21:25:00,1.0,0.0,1.0,C17,1.0,1215.0,1285.0,D32,arr,dpt
QR945,QR945,A7ANF,A35K,PAX,0.0,DOH,,2019-05-13 00:00:00,2019-05-13 02:15:00,1.0,0.0,1.0,D49,1.0,0.0,135.0,D32,arr,dpt
QR946,QR946,A7ANA,A35K,PAX,0.0,,DOH,2019-05-13 15:45:00,2019-05-13 23:59:00,1.0,0.0,0.0,C13,1.0,945.0,1439.0,D34,arr,tow
QZ262,QZ263,PKAXV,A320,PAX,0.0,CGK,CGK,2019-05-13 09:50:00,2019-05-13 10:20:00,1.0,0.0,1.0,G14,0.0,590.0,620.0,G1,arr,dpt
QZ264,QZ663,PKAZK,A320,PAX,0.0,SRG,CGK,2019-05-13 14:00:00,2019-05-13 14:25:00,1.0,0.0,1.0,G21R,0.0,840.0,865.0,G1,arr,dpt
QZ662,QZ265,PKAZK,A320,PAX,0.0,CGK,SRG,2019-05-13 19:10:00,2019-05-13 19:35:00,1.0,0.0,1.0,G8,0.0,1150.0,1175.0,G2,arr,dpt
QZ268,QZ269,PKAZH,A320,PAX,0.0,CGK,CGK,2019-05-13 21:15:00,2019-05-13 22:00:00,1.0,0.0,1.0,G9,0.0,1275.0,1320.0,G2,arr,dpt
QZ365,QZ366,PKAZI,A320,PAX,0.0,BDO,BDO,2019-05-13 11:20:00,2019-05-13 12:00:00,1.0,0.0,1.0,G17,0.0,680.0,720.0,G9,arr,dpt
QZ508,QZ509,PKAZI,A320,PAX,0.0,DPS,DPS,2019-05-13 20:20:00,2019-05-13 21:05:00,1.0,0.0,1.0,G14,0.0,1220.0,1265.0,G14,arr,dpt
QZ502,QZ503,PKAXE,A320,PAX,0.0,DPS,DPS,2019-05-13 09:55:00,2019-05-13 10:35:00,1.0,0.0,1.0,G1,0.0,595.0,635.0,G13,arr,dpt
QZ506,QZ507,PKAXE,A320,PAX,0.0,DPS,DPS,2019-05-13 16:40:00,2019-05-13 17:10:00,1.0,0.0,1.0,G7,0.0,1000.0,1030.0,G4,arr,dpt
QZ504,QZ505,PKAXX,A320,PAX,0.0,DPS,DPS,2019-05-13 11:45:00,2019-05-13 12:15:00,1.0,0.0,1.0,G9,0.0,705.0,735.0,G1,arr,dpt
QZ658,QZ659,PKAZL,A320,PAX,0.0,JOG,JOG,2019-05-13 10:45:00,2019-05-13 11:15:00,1.0,0.0,1.0,G6,0.0,645.0,675.0,G2,arr,dpt
RU129,RU129,VPBBL,B74N,CGO,0.0,,SVO,2019-05-13 21:55:00,2019-05-13 23:59:00,1.0,0.0,0.0,504,1.0,1315.0,1439.0,509,arr,tow
RU737,RU737,VQBLQ,B742,CGO,0.0,SVO,,2019-05-13 00:00:00,2019-05-13 00:05:00,1.0,0.0,1.0,514,1.0,0.0,5.0,508,arr,dpt
RX788,RX789,S2AIJ,B738,PAX,0.0,DAC,DAC,2019-05-13 03:15:00,2019-05-13 04:15:00,1.0,0.0,1.0,G10,0.0,195.0,255.0,G2,arr,dpt
SL100,SL101,HSLTJ,B739,PAX,0.0,DMK,DMK,2019-05-13 11:20:00,2019-05-13 12:20:00,1.0,0.0,1.0,A19,0.0,680.0,740.0,A19,arr,dpt
SL104,SL105,HSLTU,B739,PAX,0.0,DMK,DMK,2019-05-13 19:30:00,2019-05-13 20:30:00,1.0,0.0,1.0,A12,0.0,1170.0,1230.0,A13,arr,dpt
SQ001,SQ866,9VSNB,B77W,PAX,0.0,HKG,SFO,2019-05-13 11:50:00,2019-05-13 13:05:00,1.0,0.0,1.0,A10,1.0,710.0,785.0,A4,arr,dpt
SQ865,SQ865,9VSNB,B77W,PAX,0.0,,HKG,2019-05-13 22:40:00,2019-05-13 23:59:00,1.0,0.0,0.0,A12,1.0,1360.0,1439.0,A13,arr,tow
SQ319,SQ002,9VSWV,B77W,PAX,0.0,SFO,LHR,2019-05-13 16:55:00,2019-05-13 18:30:00,1.0,0.0,1.0,B5,1.0,1015.0,1110.0,A11,arr,dpt
SQ011,SQ241,9VSWU,B77W,PAX,0.0,SYD,LAX,2019-05-13 02:25:00,2019-05-13 07:10:00,1.0,0.0,1.0,A10,1.0,145.0,430.0,A5,arr,dpt
SQ495,SQ012,9VSWW,B77W,PAX,0.0,LAX,DXB,2019-05-13 07:30:00,2019-05-13 09:25:00,1.0,0.0,1.0,B9,1.0,450.0,565.0,B8,arr,dpt
SQ021,SQ021,9VSGA,A359,PAX,0.0,,EWR,2019-05-13 17:10:00,2019-05-13 23:59:00,1.0,1.0,0.0,466,1.0,1030.0,1439.0,A3,arr,tow
SQ037,SQ022,9VSGB,A359,PAX,0.0,EWR,LAX,2019-05-13 08:15:00,2019-05-13 23:35:00,1.0,0.0,1.0,A17,1.0,495.0,1415.0,B10,arr,dpt
SQ025,SQ025,9VSKR,A388,PAX,0.0,,JFK,2019-05-13 06:50:00,2019-05-13 23:59:00,1.0,1.0,0.0,463,1.0,410.0,1439.0,A2,arr,tow
SQ232,SQ026,9VSKN,A388,PAX,0.0,JFK,SYD,2019-05-13 17:30:00,2019-05-13 23:55:00,1.0,0.0,1.0,A4,1.0,1050.0,1435.0,B2,arr,dpt
SQ031,SQ031,9VSMQ,A359,PAX,0.0,,SFO,2019-05-13 19:10:00,2019-05-13 23:59:00,1.0,1.0,0.0,401,1.0,1150.0,1439.0,F31,arr,tow
SQ032,SQ032,9VSMN,A359,PAX,0.0,SFO,,2019-05-13 00:00:00,2019-05-13 09:25:00,1.0,0.0,1.0,A3,1.0,0.0,565.0,C20,arr,dpt
SQ035,SQ035,9VSGC,A359,PAX,0.0,,LAX,2019-05-13 19:10:00,2019-05-13 23:59:00,1.0,1.0,0.0,300,1.0,1150.0,1439.0,E12,arr,tow
SQ038,SQ038,9VSGD,A359,PAX,0.0,LAX,,2019-05-13 00:00:00,2019-05-13 18:55:00,1.0,0.0,0.0,302,1.0,0.0,1135.0,C20,arr,tow
SQ038,SQ038,9VSGD,A359,PAX,0.0,LAX,,2019-05-13 18:55:00,2019-05-13 20:55:00,0.0,0.0,1.0,B10,1.0,1135.0,1255.0,C20,tow,dpt
SQ051,SQ956,9VSMK,A359,PAX,0.0,CGK,IAH,2019-05-13 07:40:00,2019-05-13 09:25:00,1.0,0.0,1.0,E3,1.0,460.0,565.0,F56,arr,dpt
SQ957,SQ962,9VSMK,A359,PAX,0.0,CGK,CGK,2019-05-13 14:05:00,2019-05-13 16:25:00,1.0,0.0,1.0,E28,1.0,845.0,985.0,E22,arr,dpt
SQ963,SQ963,9VSMK,A359,PAX,0.0,,CGK,2019-05-13 20:55:00,2019-05-13 23:59:00,1.0,0.0,0.0,B1,1.0,1255.0,1439.0,F60,arr,tow
SQ517,SQ106,9VSSE,A333,PAX,0.0,KUL,CCU,2019-05-13 06:40:00,2019-05-13 08:30:00,1.0,0.0,1.0,F41,1.0,400.0,510.0,F40,arr,dpt
SQ107,SQ108,9VSSE,A333,PAX,0.0,KUL,KUL,2019-05-13 11:35:00,2019-05-13 12:45:00,1.0,0.0,1.0,F34,1.0,695.0,765.0,E20,arr,dpt
SQ109,SQ112,9VSSE,A333,PAX,0.0,KUL,KUL,2019-05-13 15:30:00,2019-05-13 16:20:00,1.0,0.0,1.0,F34,1.0,930.0,980.0,F41,arr,dpt
SQ113,SQ516,9VSSE,A333,PAX,0.0,CCU,KUL,2019-05-13 19:10:00,2019-05-13 21:00:00,1.0,0.0,1.0,B7,1.0,1150.0,1260.0,A11,arr,dpt
SQ256,SQ116,9VSHC,A359,PAX,0.0,KUL,BNE,2019-05-13 15:30:00,2019-05-13 16:45:00,1.0,0.0,1.0,E26,1.0,930.0,1005.0,F60,arr,dpt
SQ117,SQ235,9VSHC,A359,PAX,0.0,BNE,KUL,2019-05-13 19:50:00,2019-05-13 21:30:00,1.0,0.0,1.0,A15,1.0,1190.0,1290.0,B3,arr,dpt
SQ178,SQ178,9VSTC,A333,PAX,0.0,SGN,,2019-05-13 00:00:00,2019-05-13 09:45:00,1.0,0.0,1.0,F31,1.0,0.0,585.0,F34,arr,dpt
SQ177,SQ118,9VSTC,A333,PAX,0.0,KUL,SGN,2019-05-13 15:30:00,2019-05-13 18:45:00,1.0,0.0,1.0,E24,1.0,930.0,1125.0,F34,arr,dpt
SQ119,SQ119,9VSTC,A333,PAX,0.0,,KUL,2019-05-13 21:50:00,2019-05-13 23:59:00,1.0,0.0,0.0,A15,1.0,1310.0,1439.0,E3,arr,tow
SQ531,SQ176,9VSSI,A333,PAX,0.0,HAN,AMD,2019-05-13 07:10:00,2019-05-13 09:20:00,1.0,0.0,1.0,E20,1.0,430.0,560.0,E5,arr,dpt
SQ175,SQ918,9VSSI,A333,PAX,0.0,MNL,HAN,2019-05-13 17:05:00,2019-05-13 19:25:00,1.0,0.0,1.0,E26,1.0,1025.0,1165.0,E5,arr,dpt
SQ182,SQ182,9VSYF,B773,PAX,0.0,BWN,,2019-05-13 00:00:00,2019-05-13 06:40:00,1.0,0.0,0.0,B9,1.0,0.0,400.0,E26,arr,tow
SQ182,SQ182,9VSYF,B773,PAX,0.0,BWN,,2019-05-13 06:40:00,2019-05-13 08:40:00,0.0,0.0,1.0,E4,1.0,400.0,520.0,E26,tow,dpt
SQ181,SQ181,9VSYF,B773,PAX,0.0,,BWN,2019-05-13 14:05:00,2019-05-13 23:59:00,1.0,1.0,0.0,200,1.0,845.0,1439.0,B2,arr,tow
SQ469,SQ184,9VSTW,A333,PAX,0.0,SGN,CMB,2019-05-13 07:20:00,2019-05-13 11:30:00,1.0,0.0,0.0,D41,1.0,440.0,690.0,A9,arr,tow
SQ469,SQ184,9VSTW,A333,PAX,0.0,SGN,CMB,2019-05-13 11:30:00,2019-05-13 13:30:00,0.0,0.0,1.0,F42,1.0,690.0,810.0,A9,tow,dpt
SQ183,SQ446,9VSTW,A333,PAX,0.0,DAC,SGN,2019-05-13 18:55:00,2019-05-13 20:35:00,1.0,0.0,1.0,F40,1.0,1135.0,1235.0,E3,arr,dpt
SQ656,SQ656,9VSCJ,B78X,PAX,0.0,FUK,,2019-05-13 00:00:00,2019-05-13 01:20:00,1.0,0.0,1.0,A15,1.0,0.0,80.0,A12,arr,dpt
SQ655,SQ186,9VSCJ,B78X,PAX,0.0,SGN,FUK,2019-05-13 15:20:00,2019-05-13 17:25:00,1.0,0.0,1.0,E5,1.0,920.0,1045.0,F31,arr,dpt
SQ185,SQ185,9VSCJ,B78X,PAX,0.0,,SGN,2019-05-13 22:40:00,2019-05-13 23:59:00,1.0,0.0,0.0,C20,1.0,1360.0,1439.0,A11,arr,tow
SQ930,SQ930,9VSSG,A333,PAX,0.0,SUB,,2019-05-13 00:00:00,2019-05-13 05:50:00,1.0,0.0,0.0,B3,1.0,0.0,350.0,F41,arr,tow
SQ930,SQ930,9VSSG,A333,PAX,0.0,SUB,,2019-05-13 05:50:00,2019-05-13 07:50:00,0.0,0.0,1.0,E12,1.0,350.0,470.0,F41,tow,dpt
SQ931,SQ188,9VSSG,A333,PAX,0.0,HAN,SUB,2019-05-13 13:30:00,2019-05-13 15:15:00,1.0,0.0,1.0,F31,1.0,810.0,915.0,E20,arr,dpt
SQ187,SQ187,9VSSG,A333,PAX,0.0,,HAN,2019-05-13 23:00:00,2019-05-13 23:59:00,1.0,0.0,0.0,E20,1.0,1380.0,1439.0,E28,arr,tow
SQ246,SQ207,9VSML,A359,PAX,0.0,MEL,BNE,2019-05-13 05:45:00,2019-05-13 07:45:00,1.0,0.0,1.0,A1,1.0,345.0,465.0,B1,arr,dpt
SQ208,SQ422,9VSMH,A359,PAX,0.0,BOM,MEL,2019-05-13 00:15:00,2019-05-13 05:40:00,1.0,0.0,0.0,E28,1.0,15.0,340.0,E12,arr,tow
SQ208,SQ422,9VSMH,A359,PAX,0.0,BOM,MEL,2019-05-13 05:40:00,2019-05-13 07:40:00,0.0,0.0,1.0,A17,1.0,340.0,460.0,E12,tow,dpt
SQ421,SQ421,9VSMH,A359,PAX,0.0,,BOM,2019-05-13 19:50:00,2019-05-13 23:59:00,1.0,0.0,0.0,B3,1.0,1190.0,1439.0,F54,arr,tow
SQ351,SQ211,9VSWT,B77W,PAX,0.0,SYD,CPH,2019-05-13 06:20:00,2019-05-13 09:35:00,1.0,0.0,1.0,B6,1.0,380.0,575.0,B5,arr,dpt
SQ212,SQ212,9VSWP,B77W,PAX,0.0,,SYD,2019-05-13 14:15:00,2019-05-13 23:59:00,1.0,1.0,0.0,461,1.0,855.0,1439.0,A14,arr,tow
SQ213,SQ213,9VSVN,B772,PAX,0.0,PER,,2019-05-13 00:00:00,2019-05-13 07:40:00,1.0,0.0,1.0,A21,1.0,0.0,460.0,B10,arr,dpt
SQ226,SQ226,9VSVN,B772,PAX,0.0,,PER,2019-05-13 19:35:00,2019-05-13 23:59:00,1.0,0.0,0.0,A20,1.0,1175.0,1439.0,F33,arr,tow
SQ223,SQ223,9VSTQ,A333,PAX,0.0,PER,,2019-05-13 00:00:00,2019-05-13 09:30:00,1.0,0.0,1.0,A18,1.0,0.0,570.0,A11,arr,dpt
SQ214,SQ214,9VSTQ,A333,PAX,0.0,,PER,2019-05-13 22:35:00,2019-05-13 23:59:00,1.0,0.0,0.0,A21,1.0,1355.0,1439.0,A20,arr,tow
SQ672,SQ672,9VSCK,B78X,PAX,0.0,NGO,,2019-05-13 00:00:00,2019-05-13 01:20:00,1.0,0.0,1.0,A11,1.0,0.0,80.0,B4,arr,dpt
SQ671,SQ215,9VSCK,B78X,PAX,0.0,PER,NGO,2019-05-13 16:20:00,2019-05-13 18:45:00,1.0,0.0,1.0,B7,1.0,980.0,1125.0,A17,arr,dpt
SQ216,SQ942,9VSCE,B78X,PAX,0.0,DPS,PER,2019-05-13 06:35:00,2019-05-13 09:15:00,1.0,0.0,1.0,F40,1.0,395.0,555.0,E11,arr,dpt
SQ943,SQ982,9VSCE,B78X,PAX,0.0,BKK,DPS,2019-05-13 15:50:00,2019-05-13 17:30:00,1.0,0.0,1.0,F40,1.0,950.0,1050.0,E11,arr,dpt
SQ983,SQ983,9VSCE,B78X,PAX,0.0,,BKK,2019-05-13 23:30:00,2019-05-13 23:59:00,1.0,0.0,0.0,B8,1.0,1410.0,1439.0,B10,arr,tow
SQ639,SQ217,9VSWO,B77W,PAX,0.0,MEL,HND,2019-05-13 08:25:00,2019-05-13 11:00:00,1.0,0.0,1.0,B8,1.0,505.0,660.0,A14,arr,dpt
SQ218,SQ218,9VSWS,B77W,PAX,0.0,,MEL,2019-05-13 06:00:00,2019-05-13 23:59:00,1.0,1.0,0.0,468,1.0,360.0,1439.0,B4,arr,tow
SQ345,SQ221,9VSKY,A388,PAX,0.0,SYD,ZRH,2019-05-13 05:55:00,2019-05-13 20:20:00,1.0,0.0,1.0,A2,1.0,355.0,1220.0,B7,arr,dpt
SQ231,SQ231,9VSKI,A388,PAX,0.0,SYD,,2019-05-13 00:00:00,2019-05-13 00:45:00,1.0,0.0,1.0,A2,1.0,0.0,45.0,B5,arr,dpt
SQ222,SQ638,9VSKI,A388,PAX,0.0,NRT,SYD,2019-05-13 21:20:00,2019-05-13 23:55:00,1.0,0.0,1.0,B7,1.0,1280.0,1435.0,A4,arr,dpt
SQ225,SQ225,9VSQN,B772,PAX,0.0,PER,,2019-05-13 00:00:00,2019-05-13 00:05:00,1.0,0.0,1.0,A14,1.0,0.0,5.0,A9,arr,dpt
SQ224,SQ502,9VSQN,B772,PAX,0.0,BLR,PER,2019-05-13 11:45:00,2019-05-13 20:05:00,1.0,0.0,1.0,A5,1.0,705.0,1205.0,A20,arr,dpt
SQ631,SQ227,9VSWR,B77W,PAX,0.0,MEL,HND,2019-05-13 15:15:00,2019-05-13 22:00:00,1.0,0.0,1.0,A11,1.0,915.0,1320.0,B4,arr,dpt
SQ237,SQ237,9VSWK,B77W,PAX,0.0,MEL,,2019-05-13 00:00:00,2019-05-13 00:25:00,1.0,0.0,1.0,B7,1.0,0.0,25.0,A14,arr,dpt
SQ228,SQ228,9VSWK,B77W,PAX,0.0,,MEL,2019-05-13 21:30:00,2019-05-13 23:59:00,1.0,0.0,0.0,A5,1.0,1290.0,1439.0,F41,arr,tow
SQ255,SQ255,9VSHA,A359,PAX,0.0,BNE,,2019-05-13 00:00:00,2019-05-13 00:45:00,1.0,0.0,1.0,A10,1.0,0.0,45.0,B3,arr,dpt
SQ236,SQ279,9VSHA,A359,PAX,0.0,ADL,BNE,2019-05-13 20:45:00,2019-05-13 23:10:00,1.0,0.0,1.0,A14,1.0,1245.0,1390.0,A3,arr,dpt
SQ238,SQ806,9VSWI,B77W,PAX,0.0,PEK,MEL,2019-05-13 15:25:00,2019-05-13 16:50:00,1.0,0.0,1.0,B10,1.0,925.0,1010.0,A4,arr,dpt
SQ242,SQ612,9VSNA,B77W,PAX,0.0,ICN,SYD,2019-05-13 00:20:00,2019-05-13 02:25:00,1.0,0.0,1.0,A12,1.0,20.0,145.0,B6,arr,dpt
SQ611,SQ611,9VSNA,B77W,PAX,0.0,,ICN,2019-05-13 16:55:00,2019-05-13 23:59:00,1.0,1.0,0.0,203,1.0,1015.0,1439.0,A2,arr,tow
SQ323,SQ245,9VSMT,A359,PAX,0.0,BNE,AMS,2019-05-13 05:55:00,2019-05-13 09:40:00,1.0,0.0,1.0,A15,1.0,355.0,580.0,A1,arr,dpt
SQ503,SQ890,9VSQM,B772,PAX,0.0,HKG,BLR,2019-05-13 06:10:00,2019-05-13 07:30:00,1.0,0.0,1.0,A13,1.0,370.0,450.0,A15,arr,dpt
SQ891,SQ247,9VSQM,B772,PAX,0.0,WLG,HKG,2019-05-13 16:20:00,2019-05-13 19:45:00,1.0,0.0,1.0,A16,1.0,980.0,1185.0,A9,arr,dpt
SQ265,SQ265,9VSHD,A359,PAX,0.0,BNE,,2019-05-13 00:00:00,2019-05-13 05:20:00,1.0,0.0,0.0,C20,1.0,0.0,320.0,A11,arr,tow
SQ265,SQ265,9VSHD,A359,PAX,0.0,BNE,,2019-05-13 05:20:00,2019-05-13 07:20:00,0.0,0.0,1.0,B4,1.0,320.0,440.0,A11,tow,dpt
SQ266,SQ600,9VSHE,A359,PAX,0.0,ICN,BNE,2019-05-13 00:15:00,2019-05-13 06:00:00,1.0,0.0,0.0,F42,1.0,15.0,360.0,A15,arr,tow
SQ266,SQ600,9VSHE,A359,PAX,0.0,ICN,BNE,2019-05-13 06:00:00,2019-05-13 08:00:00,0.0,0.0,1.0,A12,1.0,360.0,480.0,A15,tow,dpt
SQ609,SQ609,9VSHE,A359,PAX,0.0,,ICN,2019-05-13 22:05:00,2019-05-13 23:59:00,1.0,0.0,0.0,A3,1.0,1325.0,1439.0,B3,arr,tow
SQ278,SQ964,9VSHB,A359,PAX,0.0,CGK,ADL,2019-05-13 15:10:00,2019-05-13 17:20:00,1.0,0.0,1.0,F59,1.0,910.0,1040.0,E3,arr,dpt
SQ965,SQ965,9VSHB,A359,PAX,0.0,,CGK,2019-05-13 21:50:00,2019-05-13 23:59:00,1.0,0.0,0.0,A2,1.0,1310.0,1439.0,F50,arr,tow
SQ325,SQ285,9VSWD,B77W,PAX,0.0,AKL,FRA,2019-05-13 16:25:00,2019-05-13 22:45:00,1.0,0.0,1.0,B2,1.0,985.0,1365.0,B10,arr,dpt
SQ286,SQ352,9VSWF,B77W,PAX,0.0,CPH,AKL,2019-05-13 21:00:00,2019-05-13 23:50:00,1.0,0.0,1.0,A13,1.0,1260.0,1430.0,C1,arr,dpt
SQ825,SQ288,9VSWQ,B77W,PAX,0.0,CBR,PVG,2019-05-13 05:55:00,2019-05-13 08:30:00,1.0,0.0,0.0,C20,1.0,355.0,510.0,A12,arr,tow
SQ825,SQ288,9VSWQ,B77W,PAX,0.0,CBR,PVG,2019-05-13 08:30:00,2019-05-13 10:30:00,0.0,0.0,1.0,A13,1.0,510.0,630.0,A12,tow,dpt
SQ288,SQ952,9VSWH,B77W,PAX,0.0,CGK,SYD,2019-05-13 05:15:00,2019-05-13 07:40:00,1.0,0.0,1.0,E26,1.0,315.0,460.0,F58,arr,dpt
SQ955,SQ634,9VSWH,B77W,PAX,0.0,HND,CGK,2019-05-13 12:15:00,2019-05-13 13:55:00,1.0,0.0,1.0,A14,1.0,735.0,835.0,A14,arr,dpt
SQ337,SQ860,9VSME,A359,PAX,0.0,HKG,DUS,2019-05-13 06:20:00,2019-05-13 08:40:00,1.0,0.0,1.0,B7,1.0,380.0,520.0,A3,arr,dpt
SQ863,SQ297,9VSME,A359,PAX,0.0,CHC,HKG,2019-05-13 18:20:00,2019-05-13 19:50:00,1.0,0.0,1.0,B4,1.0,1100.0,1190.0,A4,arr,dpt
SQ298,SQ338,9VSMG,A359,PAX,0.0,DUS,CHC,2019-05-13 17:40:00,2019-05-13 23:30:00,1.0,0.0,1.0,A1,1.0,1060.0,1410.0,B1,arr,dpt
SQ305,SQ494,9VSWY,B77W,PAX,0.0,DXB,LHR,2019-05-13 05:30:00,2019-05-13 15:10:00,1.0,0.0,1.0,B5,1.0,330.0,910.0,C1,arr,dpt
SQ306,SQ306,9VSWJ,B77W,PAX,0.0,LHR,,2019-05-13 00:00:00,2019-05-13 01:10:00,1.0,0.0,1.0,A13,1.0,0.0,70.0,A13,arr,dpt
SQ335,SQ308,9VSKP,A388,PAX,0.0,LHR,CDG,2019-05-13 06:50:00,2019-05-13 09:00:00,1.0,0.0,1.0,A5,1.0,410.0,540.0,B7,arr,dpt
SQ317,SQ856,9VSKU,A388,PAX,0.0,HKG,LHR,2019-05-13 07:30:00,2019-05-13 09:55:00,1.0,0.0,1.0,A10,1.0,450.0,595.0,A5,arr,dpt
SQ861,SQ322,9VSKU,A388,PAX,0.0,LHR,HKG,2019-05-13 19:35:00,2019-05-13 23:30:00,1.0,0.0,1.0,A10,1.0,1175.0,1410.0,A5,arr,dpt
SQ318,SQ318,9VSWA,B77W,PAX,0.0,LHR,,2019-05-13 00:00:00,2019-05-13 10:35:00,1.0,0.0,0.0,401,1.0,0.0,635.0,B4,arr,tow
SQ318,SQ318,9VSWA,B77W,PAX,0.0,LHR,,2019-05-13 10:35:00,2019-05-13 12:35:00,0.0,0.0,1.0,B2,1.0,635.0,755.0,B4,tow,dpt
SQ321,SQ321,9VSKJ,A388,PAX,0.0,,LHR,2019-05-13 18:10:00,2019-05-13 23:59:00,1.0,1.0,0.0,462,1.0,1090.0,1439.0,F42,arr,tow
SQ481,SQ324,9VSMI,A359,PAX,0.0,AMS,JNB,2019-05-13 14:55:00,2019-05-13 23:55:00,1.0,0.0,1.0,B9,1.0,895.0,1435.0,A1,arr,dpt
SQ635,SQ326,9VSWM,B77W,PAX,0.0,FRA,HND,2019-05-13 04:55:00,2019-05-13 05:55:00,1.0,0.0,0.0,B7,1.0,295.0,355.0,B8,arr,tow
SQ635,SQ326,9VSWM,B77W,PAX,0.0,FRA,HND,2019-05-13 05:55:00,2019-05-13 11:55:00,0.0,1.0,0.0,206,1.0,355.0,715.0,B8,tow,tow
SQ635,SQ326,9VSWM,B77W,PAX,0.0,FRA,HND,2019-05-13 11:55:00,2019-05-13 13:55:00,0.0,0.0,1.0,B8,1.0,715.0,835.0,B8,tow,dpt
SQ327,SQ327,9VSMD,A359,PAX,0.0,,MUC,2019-05-13 07:00:00,2019-05-13 23:59:00,1.0,1.0,0.0,202,1.0,420.0,1439.0,B3,arr,tow
SQ328,SQ328,9VSMJ,A359,PAX,0.0,MUC,,2019-05-13 00:00:00,2019-05-13 00:30:00,1.0,0.0,1.0,B1,1.0,0.0,30.0,A3,arr,dpt
SQ336,SQ336,9VSKL,A388,PAX,0.0,CDG,,2019-05-13 00:00:00,2019-05-13 00:15:00,1.0,0.0,1.0,B5,1.0,0.0,15.0,B7,arr,dpt
SQ346,SQ346,9VSKW,A388,PAX,0.0,ZRH,,2019-05-13 00:00:00,2019-05-13 01:25:00,1.0,0.0,1.0,A5,1.0,0.0,85.0,A10,arr,dpt
SQ362,SQ362,9VSMB,A359,PAX,0.0,ARN,,2019-05-13 00:00:00,2019-05-13 00:20:00,1.0,0.0,1.0,B2,1.0,0.0,20.0,B1,arr,dpt
SQ365,SQ365,9VSMC,A359,PAX,0.0,,FCO,2019-05-13 06:00:00,2019-05-13 23:59:00,1.0,1.0,0.0,467,1.0,360.0,1439.0,F54,arr,tow
SQ366,SQ366,9VSMF,A359,PAX,0.0,FCO,,2019-05-13 00:00:00,2019-05-13 01:30:00,1.0,0.0,1.0,A1,1.0,0.0,90.0,A2,arr,dpt
SQ377,SQ377,9VSMR,A359,PAX,0.0,,BCN,2019-05-13 07:00:00,2019-05-13 23:59:00,1.0,1.0,0.0,201,1.0,420.0,1439.0,E12,arr,tow
SQ391,SQ8871,9VSVM,B772,PAX,0.0,A/T,IST,2019-05-13 05:00:00,2019-05-13 08:00:00,1.0,0.0,1.0,A19,1.0,300.0,480.0,A20,arr,dpt
SQ8871,SQ968,9VSVM,B772,CRW,0.0,CGK,A/T,2019-05-13 12:00:00,2019-05-13 19:55:00,1.0,0.0,0.0,A18,1.0,720.0,1195.0,508,arr,tow
SQ8871,SQ968,9VSVM,B772,CRW,0.0,CGK,A/T,2019-05-13 19:55:00,2019-05-13 21:55:00,0.0,0.0,1.0,E26,1.0,1195.0,1315.0,508,tow,dpt
SQ392,SQ392,9VSVC,B772,PAX,0.0,IST,,2019-05-13 00:00:00,2019-05-13 01:45:00,1.0,0.0,1.0,A19,1.0,0.0,105.0,C22,arr,dpt
SQ981,SQ402,9VSCH,B78X,PAX,0.0,DEL,BKK,2019-05-13 00:25:00,2019-05-13 02:35:00,1.0,0.0,1.0,A14,1.0,25.0,155.0,A11,arr,dpt
SQ401,SQ401,9VSCH,B78X,PAX,0.0,,DEL,2019-05-13 17:25:00,2019-05-13 23:59:00,1.0,1.0,0.0,206,1.0,1045.0,1439.0,A16,arr,tow
SQ403,SQ802,9VSKG,A388,PAX,0.0,PEK,DEL,2019-05-13 06:10:00,2019-05-13 08:30:00,1.0,0.0,1.0,B2,1.0,370.0,510.0,B2,arr,dpt
SQ807,SQ807,9VSKG,A388,PAX,0.0,,PEK,2019-05-13 23:00:00,2019-05-13 23:59:00,1.0,0.0,0.0,F60,1.0,1380.0,1439.0,B7,arr,tow
SQ423,SQ406,9VSKK,A388,PAX,0.0,DEL,BOM,2019-05-13 07:40:00,2019-05-13 16:50:00,1.0,0.0,1.0,B4,1.0,460.0,1010.0,A10,arr,dpt
SQ637,SQ424,9VSKF,A388,PAX,0.0,BOM,NRT,2019-05-13 17:20:00,2019-05-13 19:00:00,1.0,0.0,1.0,A10,1.0,1040.0,1140.0,A10,arr,dpt
SQ425,SQ910,9VSYH,B773,PAX,0.0,MNL,BOM,2019-05-13 06:50:00,2019-05-13 09:30:00,1.0,0.0,1.0,E11,1.0,410.0,570.0,F42,arr,dpt
SQ917,SQ917,9VSYH,B773,PAX,0.0,,MNL,2019-05-13 17:55:00,2019-05-13 23:59:00,1.0,1.0,0.0,465,1.0,1075.0,1439.0,A14,arr,tow
SQ447,SQ938,9VSSF,A333,PAX,0.0,DPS,DAC,2019-05-13 06:05:00,2019-05-13 08:20:00,1.0,0.0,1.0,E28,1.0,365.0,500.0,F60,arr,dpt
SQ939,SQ939,9VSSF,A333,PAX,0.0,,DPS,2019-05-13 14:35:00,2019-05-13 23:59:00,1.0,1.0,0.0,400,1.0,875.0,1439.0,A19,arr,tow
SQ451,SQ876,9VSSB,A333,PAX,0.0,TPE,MLE,2019-05-13 07:10:00,2019-05-13 08:20:00,1.0,0.0,1.0,A9,1.0,430.0,500.0,A16,arr,dpt
SQ877,SQ468,9VSSB,A333,PAX,0.0,CMB,TPE,2019-05-13 18:55:00,2019-05-13 22:20:00,1.0,0.0,1.0,E12,1.0,1135.0,1340.0,F58,arr,dpt
SQ850,SQ850,9VSTU,A333,PAX,0.0,CAN,,2019-05-13 00:00:00,2019-05-13 06:20:00,1.0,0.0,0.0,C1,1.0,0.0,380.0,A21,arr,tow
SQ850,SQ850,9VSTU,A333,PAX,0.0,CAN,,2019-05-13 06:20:00,2019-05-13 08:20:00,0.0,0.0,1.0,B3,1.0,380.0,500.0,A21,tow,dpt
SQ851,SQ452,9VSTU,A333,PAX,0.0,MLE,CAN,2019-05-13 17:30:00,2019-05-13 20:45:00,1.0,0.0,1.0,F42,1.0,1050.0,1245.0,F50,arr,dpt
SQ478,SQ478,9VSMM,A359,PAX,0.0,CPT,,2019-05-13 00:00:00,2019-05-13 01:30:00,1.0,0.0,1.0,A17,1.0,0.0,90.0,B8,arr,dpt
SQ479,SQ632,9VSMA,A359,PAX,0.0,HND,CPT,2019-05-13 06:10:00,2019-05-13 08:00:00,1.0,0.0,1.0,A14,1.0,370.0,480.0,B6,arr,dpt
SQ633,SQ633,9VSMA,A359,PAX,0.0,,HND,2019-05-13 23:05:00,2019-05-13 23:59:00,1.0,0.0,0.0,B10,1.0,1385.0,1439.0,A15,arr,tow
SQ528,SQ528,9VSSH,A333,PAX,0.0,MAA,,2019-05-13 00:00:00,2019-05-13 18:25:00,1.0,0.0,0.0,310,1.0,0.0,1105.0,A19,arr,tow
SQ528,SQ528,9VSSH,A333,PAX,0.0,MAA,,2019-05-13 18:25:00,2019-05-13 20:25:00,0.0,0.0,1.0,B8,1.0,1105.0,1225.0,A19,tow,dpt
SQ529,SQ620,9VSTZ,A333,PAX,0.0,KIX,MAA,2019-05-13 06:10:00,2019-05-13 08:30:00,1.0,0.0,1.0,B10,1.0,370.0,510.0,A18,arr,dpt
SQ621,SQ621,9VSTZ,A333,PAX,0.0,,KIX,2019-05-13 23:05:00,2019-05-13 23:59:00,1.0,0.0,0.0,F34,1.0,1385.0,1439.0,A18,arr,tow
SQ970,SQ970,9VSCA,B78X,PAX,0.0,BKK,,2019-05-13 00:00:00,2019-05-13 07:10:00,1.0,0.0,1.0,F60,1.0,0.0,430.0,E22,arr,dpt
SQ973,SQ602,9VSCA,B78X,PAX,0.0,ICN,BKK,2019-05-13 13:05:00,2019-05-13 14:40:00,1.0,0.0,1.0,B2,1.0,785.0,880.0,A12,arr,dpt
SQ603,SQ622,9VSCF,B78X,PAX,0.0,KIX,ICN,2019-05-13 05:05:00,2019-05-13 13:55:00,1.0,0.0,1.0,A11,1.0,305.0,835.0,A17,arr,dpt
SQ608,SQ608,9VSCG,B78X,PAX,0.0,ICN,,2019-05-13 00:00:00,2019-05-13 00:10:00,1.0,0.0,1.0,B10,1.0,0.0,10.0,A17,arr,dpt
SQ607,SQ946,9VSCG,B78X,PAX,0.0,DPS,ICN,2019-05-13 14:20:00,2019-05-13 16:10:00,1.0,0.0,1.0,F54,1.0,860.0,970.0,E4,arr,dpt
SQ947,SQ947,9VSCG,B78X,PAX,0.0,,DPS,2019-05-13 22:40:00,2019-05-13 23:59:00,1.0,0.0,0.0,B4,1.0,1360.0,1439.0,A17,arr,tow
SQ618,SQ618,9VSCC,B78X,PAX,0.0,KIX,,2019-05-13 00:00:00,2019-05-13 01:25:00,1.0,0.0,1.0,B4,1.0,0.0,85.0,C20,arr,dpt
SQ619,SQ978,9VSCC,B78X,PAX,0.0,BKK,KIX,2019-05-13 16:40:00,2019-05-13 18:30:00,1.0,0.0,1.0,E12,1.0,1000.0,1110.0,E26,arr,dpt
SQ623,SQ623,9VSCB,B78X,PAX,0.0,,KIX,2019-05-13 04:40:00,2019-05-13 23:59:00,1.0,1.0,0.0,469,1.0,280.0,1439.0,A14,arr,tow
SQ630,SQ630,9VSWE,B77W,PAX,0.0,HND,,2019-05-13 00:00:00,2019-05-13 15:05:00,1.0,0.0,0.0,465,1.0,0.0,905.0,B8,arr,tow
SQ630,SQ630,9VSWE,B77W,PAX,0.0,HND,,2019-05-13 15:05:00,2019-05-13 17:05:00,0.0,0.0,1.0,B6,1.0,905.0,1025.0,B8,tow,dpt
SQ801,SQ828,9VSWB,B77W,PAX,0.0,PVG,PEK,2019-05-13 06:20:00,2019-05-13 08:05:00,1.0,0.0,1.0,B8,1.0,380.0,485.0,A13,arr,dpt
SQ831,SQ636,9VSWB,B77W,PAX,0.0,HND,PVG,2019-05-13 19:50:00,2019-05-13 22:50:00,1.0,0.0,1.0,B5,1.0,1190.0,1370.0,A12,arr,dpt
SQ7183,SQ7183,9VSFQ,B744,CGO,0.0,,KIX,2019-05-13 13:40:00,2019-05-13 23:59:00,1.0,1.0,0.0,506,1.0,820.0,1439.0,507,arr,tow
SQ7285,SQ7872,9VSFI,B74Y,CGO,0.0,HKG,MEL,2019-05-13 07:30:00,2019-05-13 21:10:00,1.0,0.0,1.0,510,1.0,450.0,1270.0,509,arr,dpt
SQ7367,SQ7367,9VSFP,B74Y,CGO,0.0,,AMS,2019-05-13 21:15:00,2019-05-13 23:59:00,1.0,0.0,0.0,509,1.0,1275.0,1439.0,505,arr,tow
SQ7370,SQ7370,9VSFK,B74Y,CGO,0.0,BRU,,2019-05-13 00:00:00,2019-05-13 03:00:00,1.0,0.0,1.0,512,1.0,0.0,180.0,604,arr,dpt
SQ7393,SQ7974,9VSFO,B74Y,CGO,0.0,LAX,LHR,2019-05-13 01:15:00,2019-05-13 04:45:00,1.0,0.0,1.0,604,1.0,75.0,285.0,502,arr,dpt
SQ7979,SQ7979,9VSFM,B744,CGO,0.0,,DFW,2019-05-13 18:15:00,2019-05-13 23:59:00,1.0,1.0,0.0,503,1.0,1095.0,1439.0,503,arr,tow
SQ800,SQ800,9VSWZ,B77W,PAX,0.0,PEK,,2019-05-13 00:00:00,2019-05-13 01:10:00,1.0,0.0,1.0,B6,1.0,0.0,70.0,B10,arr,dpt
SQ805,SQ836,9VSWZ,B77W,PAX,0.0,PVG,PEK,2019-05-13 15:20:00,2019-05-13 17:25:00,1.0,0.0,1.0,A12,1.0,920.0,1045.0,B5,arr,dpt
SQ8112,SQ972,9VSSA,A333,PAX,0.0,BKK,PER,2019-05-13 02:30:00,2019-05-13 07:35:00,1.0,0.0,0.0,B1,1.0,150.0,455.0,E20,arr,tow
SQ8112,SQ972,9VSSA,A333,PAX,0.0,BKK,PER,2019-05-13 07:35:00,2019-05-13 09:35:00,0.0,0.0,1.0,E5,1.0,455.0,575.0,E20,tow,dpt
SQ975,SQ948,9VSSA,A333,PAX,0.0,DPS,BKK,2019-05-13 15:40:00,2019-05-13 18:20:00,1.0,0.0,1.0,F31,1.0,940.0,1100.0,F58,arr,dpt
SQ8121,SQ8121,9VSVE,B772,CHT,0.0,SYD,,2019-05-13 00:00:00,2019-05-13 02:00:00,1.0,0.0,1.0,A20,1.0,0.0,120.0,F58,arr,dpt
SQ8122,SQ8122,9VSVE,B772,CHT,0.0,,SYD,2019-05-13 19:15:00,2019-05-13 23:59:00,1.0,1.0,0.0,302,1.0,1155.0,1439.0,F40,arr,tow
SQ826,SQ826,9VSYL,B773,PAX,0.0,PVG,,2019-05-13 00:00:00,2019-05-13 01:15:00,1.0,0.0,1.0,B8,1.0,0.0,75.0,A5,arr,dpt
SQ827,SQ960,9VSYL,B773,PAX,0.0,CGK,PVG,2019-05-13 13:25:00,2019-05-13 15:15:00,1.0,0.0,1.0,F56,1.0,805.0,915.0,E5,arr,dpt
SQ961,SQ961,9VSYL,B773,PAX,0.0,,CGK,2019-05-13 19:50:00,2019-05-13 23:59:00,1.0,0.0,0.0,B6,1.0,1190.0,1439.0,E11,arr,tow
SQ830,SQ830,9VSKZ,A388,PAX,0.0,PVG,,2019-05-13 00:00:00,2019-05-13 09:45:00,1.0,0.0,1.0,A4,1.0,0.0,585.0,A4,arr,dpt
SQ833,SQ833,9VSKZ,A388,PAX,0.0,,PVG,2019-05-13 22:20:00,2019-05-13 23:59:00,1.0,0.0,0.0,E5,1.0,1340.0,1439.0,A10,arr,tow
SQ835,SQ832,9VSRM,B772,PAX,0.0,PVG,PVG,2019-05-13 00:30:00,2019-05-13 01:30:00,1.0,0.0,0.0,B10,1.0,30.0,90.0,A17,arr,tow
SQ835,SQ832,9VSRM,B772,PAX,0.0,PVG,PVG,2019-05-13 01:30:00,2019-05-13 10:45:00,0.0,1.0,0.0,466,1.0,90.0,645.0,A17,tow,tow
SQ835,SQ832,9VSRM,B772,PAX,0.0,PVG,PVG,2019-05-13 10:45:00,2019-05-13 12:45:00,0.0,0.0,1.0,B10,1.0,645.0,765.0,A17,tow,dpt
SQ857,SQ868,9VSQL,B772,PAX,0.0,HKG,HKG,2019-05-13 13:00:00,2019-05-13 17:55:00,1.0,0.0,0.0,C1,1.0,780.0,1075.0,A21,arr,tow
SQ857,SQ868,9VSQL,B772,PAX,0.0,HKG,HKG,2019-05-13 17:55:00,2019-05-13 19:55:00,0.0,0.0,1.0,A3,1.0,1075.0,1195.0,A21,tow,dpt
SQ949,SQ872,9VSTV,A333,PAX,0.0,HKG,DPS,2019-05-13 00:20:00,2019-05-13 12:30:00,1.0,0.0,0.0,400,1.0,20.0,750.0,F50,arr,tow
SQ949,SQ872,9VSTV,A333,PAX,0.0,HKG,DPS,2019-05-13 12:30:00,2019-05-13 14:30:00,0.0,0.0,1.0,A21,1.0,750.0,870.0,F50,tow,dpt
SQ871,SQ871,9VSTV,A333,PAX,0.0,,HKG,2019-05-13 23:55:00,2019-05-13 23:59:00,1.0,0.0,0.0,B5,1.0,1435.0,1439.0,A21,arr,tow
SQ878,SQ878,9VSSD,A333,PAX,0.0,TPE,,2019-05-13 00:00:00,2019-05-13 09:55:00,1.0,0.0,0.0,200,1.0,0.0,595.0,B2,arr,tow
SQ878,SQ878,9VSSD,A333,PAX,0.0,TPE,,2019-05-13 09:55:00,2019-05-13 11:55:00,0.0,0.0,1.0,B6,1.0,595.0,715.0,B2,tow,dpt
SQ879,SQ879,9VSSD,A333,PAX,0.0,,TPE,2019-05-13 22:10:00,2019-05-13 23:59:00,1.0,0.0,0.0,A16,1.0,1330.0,1439.0,E12,arr,tow
SQ951,SQ912,9VSVB,B772,PAX,0.0,MNL,CGK,2019-05-13 08:10:00,2019-05-13 12:00:00,1.0,0.0,1.0,E12,1.0,490.0,720.0,E22,arr,dpt
SQ919,SQ919,9VSVB,B772,PAX,0.0,,MNL,2019-05-13 20:20:00,2019-05-13 23:59:00,1.0,0.0,0.0,A19,1.0,1220.0,1439.0,A2,arr,tow
SQ915,SQ974,9VSSC,A333,PAX,0.0,BKK,MNL,2019-05-13 11:20:00,2019-05-13 12:50:00,1.0,0.0,1.0,E3,1.0,680.0,770.0,F60,arr,dpt
SQ977,SQ977,9VSSC,A333,PAX,0.0,,BKK,2019-05-13 18:55:00,2019-05-13 23:59:00,1.0,1.0,0.0,310,1.0,1135.0,1439.0,A15,arr,tow
SQ916,SQ916,9VSNC,B77W,PAX,0.0,MNL,,2019-05-13 00:00:00,2019-05-13 11:50:00,1.0,0.0,0.0,461,1.0,0.0,710.0,E28,arr,tow
SQ916,SQ916,9VSNC,B77W,PAX,0.0,MNL,,2019-05-13 11:50:00,2019-05-13 13:50:00,0.0,0.0,1.0,F41,1.0,710.0,830.0,E28,tow,dpt
SQ921,SQ921,9VSNC,B77W,PAX,0.0,,MNL,2019-05-13 22:20:00,2019-05-13 23:59:00,1.0,0.0,0.0,A11,1.0,1340.0,1439.0,A14,arr,tow
SQ950,SQ950,9VSYI,B773,PAX,0.0,CGK,,2019-05-13 00:00:00,2019-05-13 06:20:00,1.0,0.0,1.0,F41,1.0,0.0,380.0,E5,arr,dpt
SQ953,SQ958,9VSYI,B773,PAX,0.0,CGK,CGK,2019-05-13 10:45:00,2019-05-13 12:30:00,1.0,0.0,1.0,F56,1.0,645.0,750.0,E26,arr,dpt
SQ959,SQ966,9VSYI,B773,PAX,0.0,CGK,CGK,2019-05-13 17:00:00,2019-05-13 18:30:00,1.0,0.0,1.0,E4,1.0,1020.0,1110.0,F54,arr,dpt
SQ967,SQ967,9VSYI,B773,PAX,0.0,,CGK,2019-05-13 23:05:00,2019-05-13 23:59:00,1.0,0.0,0.0,B2,1.0,1385.0,1439.0,E26,arr,tow
SQ998,SQ998,9VSTR,A333,PAX,0.0,RGN,,2019-05-13 00:00:00,2019-05-13 07:55:00,1.0,0.0,1.0,F54,1.0,0.0,475.0,E8,arr,dpt
SQ997,SQ976,9VSTR,A333,PAX,0.0,BKK,RGN,2019-05-13 15:10:00,2019-05-13 16:00:00,1.0,0.0,1.0,F42,1.0,910.0,960.0,F42,arr,dpt
SQ979,SQ979,9VSTR,A333,PAX,0.0,,BKK,2019-05-13 21:55:00,2019-05-13 23:59:00,1.0,0.0,0.0,A18,1.0,1315.0,1439.0,A19,arr,tow
SV836,SV837,HZAR12,B789,PAX,0.0,JED,JED,2019-05-13 15:30:00,2019-05-13 17:00:00,1.0,0.0,1.0,A21,1.0,930.0,1020.0,A12,arr,dpt
TG402,TG402,HSTKD,B773,PAX,0.0,BKK,,2019-05-13 00:00:00,2019-05-13 07:40:00,1.0,0.0,1.0,D34,1.0,0.0,460.0,D49,arr,dpt
TG413,TG414,HSTKD,B773,PAX,0.0,BKK,BKK,2019-05-13 14:30:00,2019-05-13 15:55:00,1.0,0.0,1.0,C23,1.0,870.0,955.0,C20,arr,dpt
TG401,TG401,HSTKD,B773,PAX,0.0,,BKK,2019-05-13 22:55:00,2019-05-13 23:59:00,1.0,0.0,0.0,D32,1.0,1375.0,1439.0,D49,arr,tow
TG403,TG404,HSTHG,A359,PAX,0.0,BKK,BKK,2019-05-13 11:15:00,2019-05-13 12:25:00,1.0,0.0,1.0,C25,1.0,675.0,745.0,D41,arr,dpt
TG407,TG408,HSTJD,B772,PAX,0.0,BKK,BKK,2019-05-13 17:05:00,2019-05-13 18:15:00,1.0,0.0,1.0,C15,1.0,1025.0,1095.0,C18,arr,dpt
TG409,TG410,HSTHC,A359,PAX,0.0,BKK,BKK,2019-05-13 19:40:00,2019-05-13 20:50:00,1.0,0.0,1.0,C15,1.0,1180.0,1250.0,D49,arr,dpt
TK054,TK055,TCLJI,B77W,PAX,0.0,IST,IST,2019-05-13 17:50:00,2019-05-13 23:25:00,1.0,0.0,1.0,D49,1.0,1070.0,1405.0,D42,arr,dpt
TR897,TR008,9VOJA,B789,PAX,0.0,PER,ICN,2019-05-13 06:10:00,2019-05-13 12:00:00,1.0,0.0,1.0,F50,1.0,370.0,720.0,205,arr,dpt
TR009,TR009,9VOJA,B789,PAX,0.0,,PER,2019-05-13 23:30:00,2019-05-13 23:59:00,1.0,0.0,0.0,E22,1.0,1410.0,1439.0,F31,arr,tow
TR018,TR018,9VOJI,B789,PAX,0.0,MEL,,2019-05-13 00:00:00,2019-05-13 01:35:00,1.0,0.0,1.0,E5,1.0,0.0,95.0,D41,arr,dpt
TR019,TR019,9VOJI,B789,PAX,0.0,,MEL,2019-05-13 18:25:00,2019-05-13 23:59:00,1.0,0.0,0.0,E28,1.0,1105.0,1439.0,D41,arr,tow
TR100,TR100,9VOFH,B788,PAX,0.0,CAN,,2019-05-13 00:00:00,2019-05-13 05:15:00,1.0,0.0,1.0,F33,1.0,0.0,315.0,F54,arr,dpt
TR101,TR596,9VOFH,B788,PAX,0.0,JED,CAN,2019-05-13 14:45:00,2019-05-13 16:20:00,1.0,0.0,1.0,E4,1.0,885.0,980.0,F50,arr,dpt
TR571,TR114,9VTAX,A320,PAX,0.0,NNG,COK,2019-05-13 08:50:00,2019-05-13 10:00:00,1.0,0.0,1.0,E28,0.0,530.0,600.0,F37,arr,dpt
TR115,TR106,9VTAX,A320,PAX,0.0,CAN,NNG,2019-05-13 18:50:00,2019-05-13 22:00:00,1.0,0.0,1.0,E2,0.0,1130.0,1320.0,F56R,arr,dpt
TR107,TR686,9VTRQ,A320,PAX,0.0,KBV,CAN,2019-05-13 07:50:00,2019-05-13 11:30:00,1.0,0.0,1.0,F35L,0.0,470.0,690.0,F35R,arr,dpt
TR687,TR652,9VTRQ,A320,PAX,0.0,HKT,KBV,2019-05-13 16:00:00,2019-05-13 18:20:00,1.0,0.0,1.0,D40R,0.0,960.0,1100.0,F40,arr,dpt
TR653,TR653,9VTRQ,A320,PAX,0.0,,HKT,2019-05-13 22:45:00,2019-05-13 23:59:00,1.0,0.0,0.0,F56R,0.0,1365.0,1439.0,F56R,arr,tow
TR171,TR452,9VTRE,A320,PAX,0.0,KUL,WUX,2019-05-13 05:00:00,2019-05-13 09:45:00,1.0,0.0,1.0,485,0.0,300.0,585.0,D40R,arr,dpt
TR453,TR634,9VTRE,A320,PAX,0.0,HDY,KUL,2019-05-13 12:50:00,2019-05-13 13:35:00,1.0,0.0,1.0,F54,0.0,770.0,815.0,F36,arr,dpt
TR635,TR108,9VTRE,A320,PAX,0.0,SZX,HDY,2019-05-13 17:30:00,2019-05-13 19:00:00,1.0,0.0,1.0,E27R,0.0,1050.0,1140.0,F35R,arr,dpt
TR274,TR274,9VTRR,A320,PAX,0.0,CGK,,2019-05-13 00:00:00,2019-05-13 08:15:00,1.0,0.0,1.0,F30,0.0,0.0,495.0,207,arr,dpt
TR275,TR112,9VTRR,A320,PAX,0.0,KHN,CGK,2019-05-13 12:45:00,2019-05-13 14:25:00,1.0,0.0,1.0,F40,0.0,765.0,865.0,F41,arr,dpt
TR484,TR484,9VTRN,A320,PAX,0.0,IPH,,2019-05-13 00:00:00,2019-05-13 07:45:00,1.0,0.0,1.0,E2,0.0,0.0,465.0,F52R,arr,dpt
TR485,TR252,9VTRN,A320,PAX,0.0,PKU,IPH,2019-05-13 11:05:00,2019-05-13 11:45:00,1.0,0.0,1.0,E2,0.0,665.0,705.0,E1,arr,dpt
TR253,TR134,9VTRN,A320,PAX,0.0,XIY,PKU,2019-05-13 14:40:00,2019-05-13 17:00:00,1.0,0.0,1.0,E27R,0.0,880.0,1020.0,E7,arr,dpt
TR135,TR570,9VTRM,A320,PAX,0.0,COK,XIY,2019-05-13 05:15:00,2019-05-13 06:15:00,1.0,0.0,0.0,F34,0.0,315.0,375.0,E24R,arr,tow
TR135,TR570,9VTRM,A320,PAX,0.0,COK,XIY,2019-05-13 06:15:00,2019-05-13 20:45:00,0.0,1.0,0.0,473,0.0,375.0,1245.0,E24R,tow,tow
TR135,TR570,9VTRM,A320,PAX,0.0,COK,XIY,2019-05-13 20:45:00,2019-05-13 22:45:00,0.0,0.0,1.0,E6,0.0,1245.0,1365.0,E24R,tow,dpt
TR138,TR138,9VOJF,B789,PAX,0.0,TSN,,2019-05-13 00:00:00,2019-05-13 01:30:00,1.0,0.0,1.0,E12,1.0,0.0,90.0,F31,arr,dpt
TR139,TR139,9VOJF,B789,PAX,0.0,,TSN,2019-05-13 15:30:00,2019-05-13 23:59:00,1.0,0.0,0.0,D41,1.0,930.0,1439.0,D40,arr,tow
TR156,TR156,9VOFG,B788,PAX,0.0,SHE,,2019-05-13 00:00:00,2019-05-13 02:55:00,1.0,0.0,1.0,F34,1.0,0.0,175.0,E4,arr,dpt
TR157,TR157,9VOFG,B788,PAX,0.0,,SHE,2019-05-13 17:45:00,2019-05-13 23:59:00,1.0,0.0,0.0,F50,1.0,1065.0,1439.0,E22,arr,tow
TR172,TR172,9VTRX,A320,PAX,0.0,TNA,,2019-05-13 00:00:00,2019-05-13 00:25:00,1.0,0.0,1.0,F36,0.0,0.0,25.0,E24R,arr,dpt
TR173,TR288,9VTRX,A320,PAX,0.0,DPS,TNA,2019-05-13 13:40:00,2019-05-13 15:45:00,1.0,0.0,1.0,E11,0.0,820.0,945.0,F35R,arr,dpt
TR289,TR289,9VTRX,A320,PAX,0.0,,DPS,2019-05-13 22:15:00,2019-05-13 23:59:00,1.0,0.0,0.0,F59R,0.0,1335.0,1439.0,F36,arr,tow
TR735,TR180,9VOFJ,B788,PAX,0.0,NKG,TXL,2019-05-13 04:00:00,2019-05-13 05:00:00,1.0,0.0,0.0,E20,1.0,240.0,300.0,D41,arr,tow
TR735,TR180,9VOFJ,B788,PAX,0.0,NKG,TXL,2019-05-13 05:00:00,2019-05-13 08:30:00,0.0,1.0,0.0,300,1.0,300.0,510.0,D41,tow,tow
TR735,TR180,9VOFJ,B788,PAX,0.0,NKG,TXL,2019-05-13 08:30:00,2019-05-13 10:30:00,0.0,0.0,1.0,E26,1.0,510.0,630.0,D41,tow,dpt
TR181,TR181,9VOFJ,B788,PAX,0.0,,NKG,2019-05-13 22:50:00,2019-05-13 23:59:00,1.0,0.0,0.0,E26,1.0,1370.0,1439.0,F33,arr,tow
TR579,TR188,9VOJB,B789,PAX,0.0,HGH,MAA,2019-05-13 08:15:00,2019-05-13 16:30:00,1.0,0.0,1.0,F33,1.0,495.0,990.0,E4,arr,dpt
TR189,TR189,9VOJH,B789,PAX,0.0,,HGH,2019-05-13 03:45:00,2019-05-13 23:59:00,1.0,0.0,0.0,464,1.0,225.0,1439.0,F33,arr,tow
TR589,TR264,9VTRH,A320,PAX,0.0,SUB,MLE,2019-05-13 04:55:00,2019-05-13 08:15:00,1.0,0.0,1.0,207,0.0,295.0,495.0,E27R,arr,dpt
TR265,TR482,9VTRH,A320,PAX,0.0,IPH,SUB,2019-05-13 13:30:00,2019-05-13 15:25:00,1.0,0.0,1.0,D40L,0.0,810.0,925.0,F59R,arr,dpt
TR483,TR430,9VTRH,A320,PAX,0.0,KCH,IPH,2019-05-13 18:50:00,2019-05-13 20:15:00,1.0,0.0,1.0,E7,0.0,1130.0,1215.0,E7,arr,dpt
TR431,TR431,9VTRH,A320,PAX,0.0,,KCH,2019-05-13 23:55:00,2019-05-13 23:59:00,1.0,0.0,0.0,F41,0.0,1435.0,1439.0,306,arr,tow
TR267,TR426,9VTRV,A320,PAX,0.0,PEN,SUB,2019-05-13 01:00:00,2019-05-13 09:10:00,1.0,0.0,1.0,F36,0.0,60.0,550.0,208,arr,dpt
TR427,TR610,9VTRV,A320,PAX,0.0,BKK,PEN,2019-05-13 12:40:00,2019-05-13 15:25:00,1.0,0.0,1.0,E1,0.0,760.0,925.0,F56R,arr,dpt
TR611,TR611,9VTRV,A320,PAX,0.0,,BKK,2019-05-13 21:05:00,2019-05-13 23:59:00,1.0,0.0,0.0,F52L,0.0,1265.0,1439.0,207,arr,tow
TR273,TR658,9VTAU,A320,PAX,0.0,HKT,CGK,2019-05-13 00:25:00,2019-05-13 07:50:00,1.0,0.0,1.0,E24R,0.0,25.0,470.0,462L,arr,dpt
TR659,TR604,9VTAU,A320,PAX,0.0,BKK,HKT,2019-05-13 12:20:00,2019-05-13 12:55:00,1.0,0.0,1.0,E11,0.0,740.0,775.0,E6,arr,dpt
TR605,TR466,9VTAU,A320,PAX,0.0,KUL,BKK,2019-05-13 18:35:00,2019-05-13 19:25:00,1.0,0.0,1.0,F59L,0.0,1115.0,1165.0,F32,arr,dpt
TR467,TR467,9VTAU,A320,PAX,0.0,,KUL,2019-05-13 22:45:00,2019-05-13 23:59:00,1.0,0.0,0.0,E2,0.0,1365.0,1439.0,F35R,arr,tow
TR573,TR276,9VTRW,A320,PAX,0.0,CGK,BLR,2019-05-13 08:25:00,2019-05-13 10:20:00,1.0,0.0,1.0,F52R,0.0,505.0,620.0,E2,arr,dpt
TR277,TR974,9VTRW,A320,PAX,0.0,HKG,CGK,2019-05-13 14:50:00,2019-05-13 16:55:00,1.0,0.0,1.0,E2,0.0,890.0,1015.0,E6,arr,dpt
TR567,TR284,9VTRL,A320,PAX,0.0,DPS,TRZ,2019-05-13 08:30:00,2019-05-13 11:05:00,1.0,0.0,1.0,F35R,0.0,510.0,665.0,F32,arr,dpt
TR285,TR278,9VTRL,A320,PAX,0.0,CGK,DPS,2019-05-13 17:10:00,2019-05-13 18:25:00,1.0,0.0,1.0,F37,0.0,1030.0,1105.0,F37,arr,dpt
TR279,TR279,9VTRL,A320,PAX,0.0,,CGK,2019-05-13 22:55:00,2019-05-13 23:59:00,1.0,0.0,0.0,F33,0.0,1375.0,1439.0,F40,arr,tow
TR280,TR280,9VTRI,A320,PAX,0.0,DPS,,2019-05-13 00:00:00,2019-05-13 07:05:00,1.0,0.0,1.0,F52L,0.0,0.0,425.0,200R,arr,dpt
TR281,TR390,9VTRI,A320,PAX,0.0,MNL,DPS,2019-05-13 13:30:00,2019-05-13 14:50:00,1.0,0.0,1.0,D41,0.0,810.0,890.0,E11,arr,dpt
TR391,TR391,9VTRI,A320,PAX,0.0,,MNL,2019-05-13 23:15:00,2019-05-13 23:59:00,1.0,0.0,0.0,E6,0.0,1395.0,1439.0,208,arr,tow
TR300,TR300,9VTAV,A320,PAX,0.0,HAN,,2019-05-13 00:00:00,2019-05-13 07:55:00,1.0,0.0,0.0,208,0.0,0.0,475.0,F59R,arr,tow
TR300,TR300,9VTAV,A320,PAX,0.0,HAN,,2019-05-13 07:55:00,2019-05-13 09:55:00,0.0,0.0,1.0,F52L,0.0,475.0,595.0,F59R,tow,dpt
TR301,TR530,9VTAV,A320,PAX,0.0,TRV,HAN,2019-05-13 17:35:00,2019-05-13 20:40:00,1.0,0.0,1.0,E3,0.0,1055.0,1240.0,F36,arr,dpt
TR392,TR392,9VTRD,A320,PAX,0.0,MNL,,2019-05-13 00:00:00,2019-05-13 05:25:00,1.0,0.0,1.0,F37,0.0,0.0,325.0,202L,arr,dpt
TR393,TR302,9VTRD,A320,PAX,0.0,SGN,MNL,2019-05-13 13:40:00,2019-05-13 15:30:00,1.0,0.0,1.0,F35L,0.0,820.0,930.0,F52L,arr,dpt
TR303,TR574,9VTRD,A320,PAX,0.0,HYD,SGN,2019-05-13 20:20:00,2019-05-13 22:30:00,1.0,0.0,1.0,F33,0.0,1220.0,1350.0,F35L,arr,dpt
TR304,TR304,9VTRK,A320,PAX,0.0,SGN,,2019-05-13 00:00:00,2019-05-13 07:05:00,1.0,0.0,1.0,E1,0.0,0.0,425.0,E1,arr,dpt
TR305,TR306,9VTRK,A320,PAX,0.0,SGN,SGN,2019-05-13 11:55:00,2019-05-13 13:05:00,1.0,0.0,1.0,E7,0.0,715.0,785.0,E24R,arr,dpt
TR307,TR428,9VTRK,A320,PAX,0.0,PEN,SGN,2019-05-13 18:00:00,2019-05-13 18:55:00,1.0,0.0,1.0,F59R,0.0,1080.0,1135.0,E6,arr,dpt
TR429,TR429,9VTRK,A320,PAX,0.0,,PEN,2019-05-13 22:25:00,2019-05-13 23:59:00,1.0,0.0,0.0,D40R,0.0,1345.0,1439.0,F59L,arr,tow
TR565,TR350,9VTRC,A320,PAX,0.0,VTE,TRZ,2019-05-13 06:50:00,2019-05-13 09:00:00,1.0,0.0,1.0,F56L,0.0,410.0,540.0,F59L,arr,dpt
TR350,TR564,9VTRC,A320,PAX,0.0,TRZ,LPQ,2019-05-13 18:00:00,2019-05-13 21:15:00,1.0,0.0,1.0,E27L,0.0,1080.0,1275.0,F56L,arr,dpt
TR384,TR384,9VTRB,A319,PAX,0.0,CEB,,2019-05-13 00:00:00,2019-05-13 08:15:00,1.0,0.0,1.0,E10,0.0,0.0,495.0,D40L,arr,dpt
TR385,TR385,9VTRB,A319,PAX,0.0,,CEB,2019-05-13 16:25:00,2019-05-13 23:59:00,1.0,0.0,0.0,F35L,0.0,985.0,1439.0,F52L,arr,tow
TR531,TR386,9VTAZ,A320,PAX,0.0,CRK,TRV,2019-05-13 06:20:00,2019-05-13 14:05:00,1.0,0.0,1.0,E8,0.0,380.0,845.0,E7,arr,dpt
TR387,TR387,9VTAZ,A320,PAX,0.0,,CRK,2019-05-13 22:05:00,2019-05-13 23:59:00,1.0,0.0,0.0,E27L,0.0,1325.0,1439.0,F56L,arr,tow
TR606,TR606,9VTAN,A320,PAX,0.0,BKK,,2019-05-13 00:00:00,2019-05-13 08:20:00,1.0,0.0,1.0,F56R,0.0,0.0,500.0,303,arr,dpt
TR607,TR468,9VTAN,A320,PAX,0.0,KUL,BKK,2019-05-13 13:55:00,2019-05-13 16:30:00,1.0,0.0,1.0,F36,0.0,835.0,990.0,F35L,arr,dpt
TR469,TR684,9VTAN,A320,PAX,0.0,KBV,KUL,2019-05-13 19:35:00,2019-05-13 20:45:00,1.0,0.0,1.0,E1,0.0,1175.0,1245.0,E6,arr,dpt
TR893,TR508,9VOFC,B788,PAX,0.0,ATQ,CTS,2019-05-13 04:20:00,2019-05-13 05:20:00,1.0,0.0,0.0,E12,1.0,260.0,320.0,E4,arr,tow
TR893,TR508,9VOFC,B788,PAX,0.0,ATQ,CTS,2019-05-13 05:20:00,2019-05-13 13:10:00,0.0,1.0,0.0,462,1.0,320.0,790.0,E4,tow,tow
TR893,TR508,9VOFC,B788,PAX,0.0,ATQ,CTS,2019-05-13 13:10:00,2019-05-13 15:10:00,0.0,0.0,1.0,F34,1.0,790.0,910.0,E4,tow,dpt
TR509,TR509,9VOFA,B788,PAX,0.0,,ATQ,2019-05-13 04:15:00,2019-05-13 23:59:00,1.0,0.0,0.0,205,1.0,255.0,1439.0,E3,arr,tow
TR632,TR632,9VTRT,A320,PAX,0.0,HDY,,2019-05-13 00:00:00,2019-05-13 05:55:00,1.0,0.0,1.0,E8,0.0,0.0,355.0,209,arr,dpt
TR633,TR904,9VTRT,A320,PAX,0.0,MFM,HDY,2019-05-13 10:10:00,2019-05-13 13:10:00,1.0,0.0,1.0,D40L,0.0,610.0,790.0,E27L,arr,dpt
TR905,TR566,9VTRT,A320,PAX,0.0,TRZ,MFM,2019-05-13 21:45:00,2019-05-13 23:00:00,1.0,0.0,1.0,E1,0.0,1305.0,1380.0,F30,arr,dpt
TR685,TR572,9VTRU,A320,PAX,0.0,BLR,KBV,2019-05-13 01:05:00,2019-05-13 02:05:00,1.0,0.0,0.0,E26,0.0,65.0,125.0,F36,arr,tow
TR685,TR572,9VTRU,A320,PAX,0.0,BLR,KBV,2019-05-13 02:05:00,2019-05-13 20:20:00,0.0,1.0,0.0,304,0.0,125.0,1220.0,F36,tow,tow
TR685,TR572,9VTRU,A320,PAX,0.0,BLR,KBV,2019-05-13 20:20:00,2019-05-13 22:20:00,0.0,0.0,1.0,F30,0.0,1220.0,1340.0,F36,tow,dpt
TR575,TR575,9VTRP,A320,PAX,0.0,,HYD,2019-05-13 08:55:00,2019-05-13 23:59:00,1.0,0.0,0.0,477,0.0,535.0,1439.0,F40,arr,tow
TR578,TR578,9VOFI,B788,PAX,0.0,MAA,,2019-05-13 00:00:00,2019-05-13 22:50:00,1.0,0.0,1.0,F58,1.0,0.0,1370.0,F42,arr,dpt
TR616,TR616,9VTRO,A320,PAX,0.0,BKK,,2019-05-13 00:00:00,2019-05-13 16:00:00,1.0,0.0,0.0,403,0.0,0.0,960.0,F56R,arr,tow
TR616,TR616,9VTRO,A320,PAX,0.0,BKK,,2019-05-13 16:00:00,2019-05-13 18:00:00,0.0,0.0,1.0,F30,0.0,960.0,1080.0,F56R,tow,dpt
TR617,TR617,9VTRO,A320,PAX,0.0,,BKK,2019-05-13 23:45:00,2019-05-13 23:59:00,1.0,0.0,0.0,E8,0.0,1425.0,1439.0,F59R,arr,tow
TR734,TR734,9VOFK,B788,PAX,0.0,TXL,,2019-05-13 00:00:00,2019-05-13 00:25:00,1.0,0.0,1.0,E3,1.0,0.0,25.0,E20,arr,dpt
TR804,TR804,9VOJD,B789,PAX,0.0,KIX,,2019-05-13 00:00:00,2019-05-13 08:20:00,1.0,0.0,0.0,203,1.0,0.0,500.0,F54,arr,tow
TR804,TR804,9VOJD,B789,PAX,0.0,KIX,,2019-05-13 08:20:00,2019-05-13 10:20:00,0.0,0.0,1.0,F54,1.0,500.0,620.0,F54,tow,dpt
TR868,TR868,9VOFE,B788,PAX,0.0,NRT,,2019-05-13 00:00:00,2019-05-13 22:20:00,1.0,0.0,1.0,E22,1.0,0.0,1340.0,D40,arr,dpt
TR869,TR869,9VOJE,B789,PAX,0.0,,NRT,2019-05-13 20:25:00,2019-05-13 23:59:00,1.0,0.0,0.0,F54,1.0,1225.0,1439.0,E5,arr,tow
TR874,TR874,9VTRS,A320,PAX,0.0,NRT,,2019-05-13 00:00:00,2019-05-13 08:50:00,1.0,0.0,1.0,E27L,0.0,0.0,530.0,D42R,arr,dpt
TR894,TR894,9VOFB,B788,PAX,0.0,KIX,,2019-05-13 00:00:00,2019-05-13 06:00:00,1.0,0.0,1.0,E11,1.0,0.0,360.0,F31,arr,dpt
TR898,TR898,9VOJG,B789,PAX,0.0,NRT,,2019-05-13 00:00:00,2019-05-13 00:50:00,1.0,0.0,1.0,E20,1.0,0.0,50.0,F33,arr,dpt
TR899,TR899,9VOJG,B789,PAX,0.0,,NRT,2019-05-13 20:30:00,2019-05-13 23:59:00,1.0,0.0,0.0,F31,1.0,1230.0,1439.0,F34,arr,tow
TR902,TR902,9VTAO,A320,PAX,0.0,MFM,,2019-05-13 00:00:00,2019-05-13 06:00:00,1.0,0.0,1.0,F40,0.0,0.0,360.0,F35R,arr,dpt
TR903,TR903,9VTAO,A320,PAX,0.0,,MFM,2019-05-13 14:25:00,2019-05-13 23:59:00,1.0,0.0,0.0,402,0.0,865.0,1439.0,E27R,arr,tow
TR975,TR980,9VTNB,A20N,PAX,0.0,HKG,HKG,2019-05-13 01:50:00,2019-05-13 02:50:00,1.0,0.0,0.0,E12,0.0,110.0,170.0,E3,arr,tow
TR975,TR980,9VTNB,A20N,PAX,0.0,HKG,HKG,2019-05-13 02:50:00,2019-05-13 12:00:00,0.0,1.0,0.0,306,0.0,170.0,720.0,E3,tow,tow
TR975,TR980,9VTNB,A20N,PAX,0.0,HKG,HKG,2019-05-13 12:00:00,2019-05-13 14:00:00,0.0,0.0,1.0,D40R,0.0,720.0,840.0,E3,tow,dpt
TR981,TR981,9VTNB,A20N,PAX,0.0,,HKG,2019-05-13 23:15:00,2019-05-13 23:59:00,1.0,0.0,0.0,F30,0.0,1395.0,1439.0,F35L,arr,tow
TR978,TR978,9VTNA,A20N,PAX,0.0,HKG,,2019-05-13 00:00:00,2019-05-13 06:00:00,1.0,0.0,1.0,E7,0.0,0.0,360.0,D42R,arr,dpt
TR979,TR979,9VTNA,A320,PAX,0.0,,HKG,2019-05-13 14:55:00,2019-05-13 23:59:00,1.0,0.0,0.0,474,0.0,895.0,1439.0,E27L,arr,tow
UA001,UA002,N27958,B789,PAX,0.0,SFO,SFO,2019-05-13 06:45:00,2019-05-13 09:00:00,1.0,0.0,1.0,F34,1.0,405.0,540.0,F31,arr,dpt
UA029,UA028,N38950,B789,PAX,0.0,SFO,SFO,2019-05-13 18:45:00,2019-05-13 21:00:00,1.0,0.0,1.0,E5,1.0,1125.0,1260.0,E20,arr,dpt
UB001,UB002,XYALB,B738,PAX,0.0,RGN,RGN,2019-05-13 12:00:00,2019-05-13 13:15:00,1.0,0.0,1.0,C20,0.0,720.0,795.0,A16,arr,dpt
UB003,UB004,XYALF,B738,PAX,0.0,RGN,RGN,2019-05-13 20:45:00,2019-05-13 21:45:00,1.0,0.0,1.0,A3,0.0,1245.0,1305.0,A14,arr,dpt
UL302,UL303,4RABQ,A321,PAX,0.0,CMB,CMB,2019-05-13 14:10:00,2019-05-13 15:15:00,1.0,0.0,1.0,A9,0.0,850.0,915.0,A9,arr,dpt
UL306,UL307,4RALA,A332,PAX,0.0,CMB,CMB,2019-05-13 08:30:00,2019-05-13 09:45:00,1.0,0.0,1.0,A21,1.0,510.0,585.0,A15,arr,dpt
UL308,UL309,4RAND,A321,PAX,0.0,CMB,CMB,2019-05-13 18:55:00,2019-05-13 20:10:00,1.0,0.0,1.0,A13,0.0,1135.0,1210.0,B8,arr,dpt
VJ811,VJ812,VNA632,A321,PAX,0.0,SGN,SGN,2019-05-13 12:05:00,2019-05-13 13:05:00,1.0,0.0,1.0,G6,0.0,725.0,785.0,G11,arr,dpt
VJ813,VJ814,VNA658,A320,PAX,0.0,SGN,SGN,2019-05-13 16:55:00,2019-05-13 17:55:00,1.0,0.0,1.0,G14,0.0,1015.0,1075.0,G14,arr,dpt
VJ915,VJ916,VNA687,A321,PAX,0.0,HAN,HAN,2019-05-13 13:55:00,2019-05-13 14:55:00,1.0,0.0,1.0,G14,0.0,835.0,895.0,G12,arr,dpt
VN651,VN650,VNA331,A321,PAX,0.0,SGN,SGN,2019-05-13 12:10:00,2019-05-13 13:10:00,1.0,0.0,1.0,G13,0.0,730.0,790.0,G17,arr,dpt
VN655,VN654,VNA614,A321,PAX,0.0,SGN,SGN,2019-05-13 17:25:00,2019-05-13 18:25:00,1.0,0.0,1.0,G8,0.0,1045.0,1105.0,G5,arr,dpt
VN657,VN656,VNA603,A321,PAX,0.0,SGN,SGN,2019-05-13 19:15:00,2019-05-13 20:45:00,1.0,0.0,1.0,G4,0.0,1155.0,1245.0,G17,arr,dpt
VN661,VN660,VNA361,A321,PAX,0.0,HAN,HAN,2019-05-13 11:55:00,2019-05-13 13:05:00,1.0,0.0,1.0,G10,0.0,715.0,785.0,G5,arr,dpt
VN663,VN662,VNA326,A321,PAX,0.0,HAN,HAN,2019-05-13 14:50:00,2019-05-13 15:50:00,1.0,0.0,1.0,G8,0.0,890.0,950.0,G5,arr,dpt
Z27234,Z27235,RPC8966,A320,PAX,0.0,CEB,CEB,2019-05-13 00:55:00,2019-05-13 01:45:00,1.0,0.0,1.0,G4,0.0,55.0,105.0,G4,arr,dpt
Z27236,Z27237,RPC8189,A320,PAX,0.0,CEB,CEB,2019-05-13 23:15:00,2019-05-13 23:55:00,1.0,0.0,1.0,G1,0.0,1395.0,1435.0,G11,arr,dpt
ZH9021,ZH9186,B1972,B738,PAX,0.0,KHN,SZX,2019-05-13 12:40:00,2019-05-13 14:00:00,1.0,0.0,1.0,D30,0.0,760.0,840.0,D48,arr,dpt
ZH9185,ZH9022,B1756,B738,PAX,0.0,SZX,KHN,2019-05-13 12:55:00,2019-05-13 14:25:00,1.0,0.0,1.0,C17L,0.0,775.0,865.0,D42L,arr,dpt
ZH9023,ZH9024,B1519,B738,PAX,0.0,SZX,SZX,2019-05-13 16:30:00,2019-05-13 17:30:00,1.0,0.0,1.0,C23,0.0,990.0,1050.0,D38,arr,dpt
