,FLT,FLT_next,REG,ITY,NAT,PAX,DES,ORG,start_time,end_time,arrival,towing,departure,stand,f,start,end,CGMS,prev,next,UID,disrupted,prev_stand,prev_start,prev_end
0,2Y924,2Y923,PKMYI,B73X,CGO,0.0,SRG,SRG,2019-05-13 00:16:00,2019-05-13 04:40:00,1.0,0.0,1.0,605,0.0,50.0,314.0,308,arr,dpt,0,0,605,50.0,314.0
1,3K763,3K763,9VJSQ,A320,PAX,0.0,KIX,,2019-05-13 00:00:00,2019-05-13 02:50:00,1.0,0.0,1.0,C13,0.0,34.0,204.0,C13,arr,dpt,1,0,C13,34.0,204.0
2,3K764,3K161,9VJSQ,A320,PAX,0.0,DRW,KIX,2019-05-13 21:25:00,2019-05-13 23:05:00,1.0,0.0,1.0,C16,0.0,1319.0,1419.0,D47,arr,dpt,2,0,C16,1319.0,1419.0
3,3K162,3K697,9VJSI,A320,PAX,0.0,HKG,DRW,2019-05-13 09:05:00,2019-05-13 10:00:00,1.0,0.0,1.0,D35,0.0,579.0,634.0,C24,arr,dpt,3,0,D35,579.0,634.0
4,3K698,3K551,9VJSI,A320,PAX,0.0,SGN,HKG,2019-05-13 18:40:00,2019-05-13 19:50:00,1.0,0.0,1.0,C24,0.0,1154.0,1224.0,C17L,arr,dpt,4,0,C24,1154.0,1224.0
5,3K552,3K201,9VJSL,A320,PAX,0.0,CGK,SGN,2019-05-13 01:15:00,2019-05-13 08:15:00,1.0,0.0,1.0,C22,0.0,109.0,529.0,D35,arr,dpt,5,0,C22,109.0,529.0
6,3K202,3K823,9VJSL,A320,PAX,0.0,SWA,CGK,2019-05-13 12:40:00,2019-05-13 13:40:00,1.0,0.0,1.0,C22,0.0,794.0,854.0,D37,arr,dpt,6,0,C22,794.0,854.0
7,3K824,3K824,9VJSL,A320,PAX,0.0,,SWA,2019-05-13 23:05:00,2019-05-13 23:59:00,1.0,0.0,0.0,D44,0.0,1419.0,1473.0,D32,arr,tow,7,0,D44,1419.0,1473.0
8,3K663,3K663,9VJSS,A320,PAX,0.0,KUL,,2019-05-13 00:00:00,2019-05-13 09:35:00,1.0,0.0,1.0,C17L,0.0,34.0,609.0,D47,arr,dpt,8,0,C17L,34.0,609.0
9,3K664,3K203,9VJSS,A320,PAX,0.0,CGK,KUL,2019-05-13 12:30:00,2019-05-13 13:35:00,1.0,0.0,1.0,C18,0.0,784.0,849.0,C17R,arr,dpt,9,0,C18,784.0,849.0
10,3K204,3K537,9VJSS,A320,PAX,0.0,HKT,CGK,2019-05-13 18:00:00,2019-05-13 19:50:00,1.0,0.0,1.0,D30,0.0,1114.0,1224.0,C24,arr,dpt,10,0,D30,1114.0,1224.0
11,3K240,3K761,9VJSH,A320,PAX,0.0,MNL,DPS,2019-05-13 01:52:00,2019-05-13 06:15:00,1.0,0.0,1.0,C11,0.0,146.0,409.0,C11,arr,dpt,11,0,C11,146.0,409.0
12,3K762,3K283,9VJSH,A320,PAX,0.0,KNO,MNL,2019-05-13 14:15:00,2019-05-13 15:15:00,1.0,0.0,1.0,C11,0.0,889.0,949.0,D46,arr,dpt,12,0,C11,889.0,949.0
13,3K284,3K205,9VJSH,A320,PAX,0.0,CGK,KNO,2019-05-13 18:55:00,2019-05-13 20:00:00,1.0,0.0,1.0,C18,0.0,1169.0,1234.0,C16,arr,dpt,13,0,C18,1169.0,1234.0
14,3K206,3K791,9VJSP,A320,PAX,0.0,OKA,CGK,2019-05-13 00:15:00,2019-05-13 02:06:00,1.0,0.0,1.0,D36,0.0,49.0,160.0,D44,arr,dpt,14,0,D36,49.0,160.0
15,3K792,3K245,9VJSP,A320,PAX,0.0,DPS,OKA,2019-05-13 13:10:00,2019-05-13 15:50:00,1.0,0.0,1.0,D36,0.0,824.0,984.0,D36,arr,dpt,15,0,D36,824.0,984.0
16,3K246,3K246,9VJSP,A320,PAX,0.0,,DPS,2019-05-13 22:05:00,2019-05-13 23:59:00,1.0,0.0,0.0,D36,0.0,1359.0,1473.0,C11,arr,tow,16,0,D36,1359.0,1473.0
17,3K779,3K779,9VJSB,A320,PAX,0.0,CRK,,2019-05-13 00:00:00,2019-05-13 02:39:00,1.0,0.0,1.0,D47,0.0,34.0,193.0,C18,arr,dpt,17,0,D47,34.0,193.0
18,3K780,3K241,9VJSB,A320,PAX,0.0,DPS,CRK,2019-05-13 10:20:00,2019-05-13 10:55:00,1.0,0.0,1.0,D30,0.0,654.0,689.0,D35,arr,dpt,18,0,D30,654.0,689.0
19,3K242,3K513,9VJSB,A320,PAX,0.0,BKK,DPS,2019-05-13 17:10:00,2019-05-13 19:15:00,1.0,0.0,1.0,D36,0.0,1064.0,1189.0,D48,arr,dpt,19,0,D36,1064.0,1189.0
20,3K281,3K281,9VJSK,A320,PAX,0.0,KNO,,2019-05-13 00:00:00,2019-05-13 08:15:00,1.0,0.0,1.0,C16,0.0,34.0,529.0,D38,arr,dpt,20,0,C16,34.0,529.0
21,3K248,3K775,9VJSK,A320,PAX,0.0,CRK,SUB,2019-05-13 16:40:00,2019-05-13 20:00:00,1.0,0.0,1.0,D40L,0.0,1034.0,1234.0,C11,arr,dpt,21,0,D40L,1034.0,1234.0
22,3K514,3K511,9VJSA,A320,PAX,0.0,BKK,BKK,2019-05-13 02:29:00,2019-05-13 07:20:00,1.0,0.0,1.0,C15,0.0,183.0,474.0,C15,arr,dpt,22,0,C15,183.0,474.0
23,3K512,3K557,9VJSA,A320,PAX,0.0,SGN,BKK,2019-05-13 12:50:00,2019-05-13 13:45:00,1.0,0.0,1.0,D44,0.0,804.0,859.0,C22,arr,dpt,23,0,D44,804.0,859.0
24,3K558,3K687,9VJSA,A320,PAX,0.0,KUL,SGN,2019-05-13 18:30:00,2019-05-13 19:35:00,1.0,0.0,1.0,D37,0.0,1144.0,1209.0,C17R,arr,dpt,24,0,D37,1144.0,1209.0
25,3K688,3K688,9VJSA,A320,PAX,0.0,,KUL,2019-05-13 22:30:00,2019-05-13 23:59:00,1.0,0.0,0.0,D47,0.0,1384.0,1473.0,D35,arr,tow,25,0,D47,1384.0,1473.0
26,3K683,3K683,9VJSM,A320,PAX,0.0,KUL,,2019-05-13 00:00:00,2019-05-13 07:05:00,1.0,0.0,1.0,C19,0.0,34.0,459.0,D44,arr,dpt,26,0,C19,34.0,459.0
27,3K684,3K515,9VJSM,A320,PAX,0.0,BKK,KUL,2019-05-13 10:00:00,2019-05-13 10:45:00,1.0,0.0,1.0,C26,0.0,634.0,679.0,C11,arr,dpt,27,0,C26,634.0,679.0
28,3K516,3K535,9VJSM,A320,PAX,0.0,HKT,BKK,2019-05-13 16:15:00,2019-05-13 17:15:00,1.0,0.0,1.0,D30,0.0,1009.0,1069.0,D47,arr,dpt,28,0,D30,1009.0,1069.0
29,3K536,3K536,9VJSM,A320,PAX,0.0,,HKT,2019-05-13 21:35:00,2019-05-13 23:59:00,1.0,0.0,0.0,D42R,0.0,1329.0,1473.0,D48,arr,tow,29,0,D42R,1329.0,1473.0
30,3K555,3K555,9VJSN,A320,PAX,0.0,SGN,,2019-05-13 00:00:00,2019-05-13 07:10:00,1.0,0.0,1.0,C23,0.0,34.0,464.0,D48,arr,dpt,30,0,C23,34.0,464.0
31,3K556,3K685,9VJSN,A320,PAX,0.0,KUL,SGN,2019-05-13 11:55:00,2019-05-13 12:50:00,1.0,0.0,1.0,D46,0.0,749.0,804.0,D47,arr,dpt,31,0,D46,749.0,804.0
32,3K686,3K517,9VJSN,A320,PAX,0.0,BKK,KUL,2019-05-13 15:45:00,2019-05-13 16:50:00,1.0,0.0,1.0,D49,0.0,979.0,1044.0,C24,arr,dpt,32,0,D49,979.0,1044.0
33,3K518,3K518,9VJSN,A320,PAX,0.0,,BKK,2019-05-13 22:25:00,2019-05-13 23:59:00,1.0,0.0,0.0,D37,0.0,1379.0,1473.0,C17L,arr,tow,33,0,D37,1379.0,1473.0
34,3K542,3K533,9VJSW,A320,PAX,0.0,HKT,DAD,2019-05-13 01:30:00,2019-05-13 07:55:00,1.0,0.0,1.0,D42L,0.0,124.0,509.0,C25,arr,dpt,34,0,D42L,124.0,509.0
35,3K534,3K593,9VJSW,A320,PAX,0.0,PNH,HKT,2019-05-13 12:25:00,2019-05-13 13:25:00,1.0,0.0,1.0,D35,0.0,779.0,839.0,C11,arr,dpt,35,0,D35,779.0,839.0
36,3K594,3K677,9VJSW,A320,PAX,0.0,PEN,PNH,2019-05-13 18:25:00,2019-05-13 19:15:00,1.0,0.0,1.0,C16,0.0,1139.0,1189.0,D35,arr,dpt,36,0,C16,1139.0,1189.0
37,3K678,3K678,9VJSW,A320,PAX,0.0,,PEN,2019-05-13 22:55:00,2019-05-13 23:59:00,1.0,0.0,0.0,D35,0.0,1409.0,1473.0,D38,arr,tow,37,0,D35,1409.0,1473.0
38,3K538,3K817,9VJSV,A320,PAX,0.0,HAK,HKT,2019-05-13 01:03:00,2019-05-13 07:35:00,1.0,0.0,1.0,C26,0.0,97.0,489.0,C26,arr,dpt,38,0,C26,97.0,489.0
39,3K818,3K765,9VJSV,A320,PAX,0.0,MNL,HAK,2019-05-13 15:30:00,2019-05-13 17:25:00,1.0,0.0,1.0,D35,0.0,964.0,1079.0,D37,arr,dpt,39,0,D35,964.0,1079.0
40,3K766,3K581,9VJSR,A320,PAX,0.0,RGN,MNL,2019-05-13 01:24:00,2019-05-13 08:55:00,1.0,0.0,1.0,D37,0.0,118.0,569.0,D34,arr,dpt,40,0,D37,118.0,569.0
41,3K582,3K583,9VJSR,A320,PAX,0.0,RGN,RGN,2019-05-13 15:50:00,2019-05-13 16:55:00,1.0,0.0,1.0,D42R,0.0,984.0,1049.0,C11,arr,dpt,41,0,D42R,984.0,1049.0
42,3K584,3K584,9VJSR,A320,PAX,0.0,,RGN,2019-05-13 23:50:00,2019-05-13 23:59:00,1.0,0.0,0.0,C16,0.0,1464.0,1473.0,D48,arr,tow,42,0,C16,1464.0,1473.0
43,3K592,3K671,9VJSJ,A320,PAX,0.0,PEN,PNH,2019-05-13 00:30:00,2019-05-13 09:45:00,1.0,0.0,1.0,C17R,0.0,64.0,619.0,D37,arr,dpt,43,0,C17R,64.0,619.0
44,3K672,3K601,9VJSJ,A320,PAX,0.0,REP,PEN,2019-05-13 13:20:00,2019-05-13 13:55:00,1.0,0.0,1.0,C25,0.0,834.0,869.0,C17L,arr,dpt,44,0,C25,834.0,869.0
45,3K602,3K602,9VJSJ,A320,PAX,0.0,,REP,2019-05-13 19:15:00,2019-05-13 23:59:00,1.0,0.0,0.0,C11,0.0,1189.0,1473.0,C19,arr,tow,45,0,C11,1189.0,1473.0
46,3K722,3K721,9VJSO,A320,PAX,0.0,KIX,KIX,2019-05-13 00:31:00,2019-05-13 07:00:00,1.0,0.0,1.0,D35,0.0,65.0,454.0,C16,arr,dpt,46,0,D35,65.0,454.0
47,3K723,3K723,9VJSF,A320,PAX,0.0,KIX,,2019-05-13 00:00:00,2019-05-13 01:08:00,1.0,0.0,1.0,C18,0.0,34.0,102.0,C11,arr,dpt,47,0,C18,34.0,102.0
48,3K724,3K724,9VJSF,A320,PAX,0.0,,KIX,2019-05-13 20:15:00,2019-05-13 23:59:00,1.0,0.0,0.0,D46,0.0,1249.0,1473.0,D38,arr,tow,48,0,D46,1249.0,1473.0
49,3U8093,3U8094,B8599,A321,PAX,0.0,CTU,CTU,2019-05-13 18:40:00,2019-05-13 19:40:00,1.0,0.0,1.0,E20,0.0,1154.0,1214.0,E27L,arr,dpt,49,0,E20,1154.0,1214.0
50,5J537,5J538,RPC3237,A320,PAX,0.0,CRK,CRK,2019-05-13 16:00:00,2019-05-13 16:45:00,1.0,0.0,1.0,G2,0.0,994.0,1039.0,G17,arr,dpt,50,0,G2,994.0,1039.0
51,5J547,5J547,RPC3271,A320,PAX,0.0,,CEB,2019-05-13 23:40:00,2019-05-13 23:59:00,1.0,0.0,0.0,G3,0.0,1454.0,1473.0,G4,arr,tow,51,0,G3,1454.0,1473.0
52,5J548,5J548,RPC3260,A320,PAX,0.0,CEB,,2019-05-13 00:00:00,2019-05-13 01:56:00,1.0,0.0,1.0,G11,0.0,34.0,150.0,G2,arr,dpt,52,0,G11,34.0,150.0
53,5J803,5J804,RPC4114,A321,PAX,0.0,MNL,MNL,2019-05-13 01:46:00,2019-05-13 03:09:00,1.0,0.0,1.0,G14,0.0,140.0,223.0,G5,arr,dpt,53,0,G14,140.0,223.0
54,5J805,5J806,RPC3344,A333,PAX,0.0,MNL,MNL,2019-05-13 17:25:00,2019-05-13 18:50:00,1.0,0.0,1.0,G19,1.0,1079.0,1164.0,G21,arr,dpt,54,0,G19,1079.0,1164.0
55,5J813,5J814,RPC4117,A321,PAX,0.0,MNL,MNL,2019-05-13 09:35:00,2019-05-13 10:35:00,1.0,0.0,1.0,G11,0.0,609.0,669.0,G17,arr,dpt,55,0,G11,609.0,669.0
56,5X169,5X166,N325UP,B762,CGO,0.0,SZX,HKG,2019-05-12 23:54:00,2019-05-13 21:40:00,1.0,0.0,1.0,601,1.0,28.0,1334.0,305,arr,dpt,56,0,601,28.0,1334.0
57,6E41,6E35,VTIER,A320,PAX,0.0,TRZ,CCU,2019-05-13 12:55:00,2019-05-13 14:00:00,1.0,0.0,1.0,F59R,0.0,809.0,874.0,E8,arr,dpt,57,0,F59R,809.0,874.0
58,6E37,6E42,VTIAX,A320,PAX,0.0,CCU,TRZ,2019-05-13 01:27:00,2019-05-13 02:45:00,1.0,0.0,1.0,F36,0.0,121.0,199.0,F54,arr,dpt,58,0,F36,121.0,199.0
59,6E51,6E52,VTIFI,A320,PAX,0.0,MAA,MAA,2019-05-13 11:15:00,2019-05-13 12:20:00,1.0,0.0,1.0,F36,0.0,709.0,774.0,F35L,arr,dpt,59,0,F36,709.0,774.0
60,6E53,6E54,VTIEP,A320,PAX,0.0,MAA,MAA,2019-05-13 04:40:00,2019-05-13 05:40:00,1.0,0.0,1.0,F50,0.0,314.0,374.0,F59R,arr,dpt,60,0,F50,314.0,374.0
61,6E73,6E58,VTIEH,A320,PAX,0.0,BLR,BLR,2019-05-13 04:25:00,2019-05-13 05:30:00,1.0,0.0,1.0,E27R,0.0,299.0,364.0,F56L,arr,dpt,61,0,E27R,299.0,364.0
62,8M231,8M232,XYAGV,A319,PAX,0.0,RGN,RGN,2019-05-13 12:50:00,2019-05-13 13:50:00,1.0,0.0,1.0,D38,0.0,804.0,864.0,C19,arr,dpt,62,0,D38,804.0,864.0
63,9C8549,9C8550,B8647,A320,PAX,0.0,PVG,PVG,2019-05-13 22:10:00,2019-05-13 23:10:00,1.0,0.0,1.0,G12,0.0,1364.0,1424.0,G1,arr,dpt,63,0,G12,1364.0,1424.0
64,AF256,AF257,FGSQI,B77W,PAX,0.0,CDG,CDG,2019-05-13 15:45:00,2019-05-13 22:35:00,1.0,0.0,1.0,D32,1.0,979.0,1389.0,C1,arr,dpt,64,0,D32,979.0,1389.0
65,AI342,AI347,VTCIO,A320,PAX,0.0,MAA,BOM,2019-05-13 07:50:00,2019-05-13 09:00:00,1.0,0.0,1.0,E1,0.0,504.0,574.0,E1,arr,dpt,65,0,E1,504.0,574.0
66,AI346,AI343,VTCIO,A320,PAX,0.0,BOM,MAA,2019-05-13 17:55:00,2019-05-13 19:15:00,1.0,0.0,1.0,F32,0.0,1109.0,1189.0,F35L,arr,dpt,66,0,F32,1109.0,1189.0
67,AI380,AI381,VTANA,B788,PAX,0.0,DEL,DEL,2019-05-13 07:30:00,2019-05-13 08:35:00,1.0,0.0,1.0,F60,1.0,484.0,549.0,E3,arr,dpt,67,0,F60,484.0,549.0
68,AK1311,AK1310,9MAQU,A320,PAX,0.0,IPH,IPH,2019-05-13 11:00:00,2019-05-13 11:40:00,1.0,0.0,1.0,G20R,0.0,694.0,734.0,G12,arr,dpt,68,0,G20R,694.0,734.0
69,AK1721,AK1720,9MAHR,A320,PAX,0.0,PEN,PEN,2019-05-13 10:55:00,2019-05-13 11:25:00,1.0,0.0,1.0,G15,0.0,689.0,719.0,G10,arr,dpt,69,0,G15,689.0,719.0
70,AK1723,AK1722,9MAHJ,A320,PAX,0.0,PEN,PEN,2019-05-13 13:20:00,2019-05-13 13:50:00,1.0,0.0,1.0,G8,0.0,834.0,864.0,G15,arr,dpt,70,0,G8,834.0,864.0
71,AK1725,AK1724,9MAHJ,A320,PAX,0.0,PEN,PEN,2019-05-13 17:10:00,2019-05-13 17:35:00,1.0,0.0,1.0,G18L,0.0,1064.0,1089.0,G1,arr,dpt,71,0,G18L,1064.0,1089.0
72,AK1729,AK1730,9MAHJ,A320,PAX,0.0,PEN,PEN,2019-05-13 21:00:00,2019-05-13 21:40:00,1.0,0.0,1.0,G11,0.0,1294.0,1334.0,G7,arr,dpt,72,0,G11,1294.0,1334.0
73,AK1727,AK1726,9MAQR,A320,PAX,0.0,PEN,PEN,2019-05-13 22:00:00,2019-05-13 22:30:00,1.0,0.0,1.0,G1,0.0,1354.0,1384.0,G4,arr,dpt,73,0,G1,1354.0,1384.0
74,AK1757,AK1758,9MAJA,A320,PAX,0.0,MYY,MYY,2019-05-13 11:55:00,2019-05-13 12:25:00,1.0,0.0,1.0,G12,0.0,749.0,779.0,G8,arr,dpt,74,0,G12,749.0,779.0
75,AK1775,AK1776,9MAGT,A320,PAX,0.0,KCH,KCH,2019-05-13 11:15:00,2019-05-13 11:45:00,1.0,0.0,1.0,G8,0.0,709.0,739.0,G4,arr,dpt,75,0,G8,709.0,739.0
76,AK1791,AK1792,9MAQZ,A320,PAX,0.0,BKI,BKI,2019-05-13 17:10:00,2019-05-13 17:40:00,1.0,0.0,1.0,G6,0.0,1064.0,1094.0,G10,arr,dpt,76,0,G6,1064.0,1094.0
77,AK1793,AK1794,9MAFW,A320,PAX,0.0,BKI,BKI,2019-05-13 11:30:00,2019-05-13 12:10:00,1.0,0.0,1.0,G14,0.0,724.0,764.0,G13,arr,dpt,77,0,G14,724.0,764.0
78,AK701,AK700,9MAJT,A320,PAX,0.0,KUL,KUL,2019-05-13 07:15:00,2019-05-13 07:45:00,1.0,0.0,1.0,G17,0.0,469.0,499.0,G1,arr,dpt,78,0,G17,469.0,499.0
79,AK713,AK712,9MAJT,A320,PAX,0.0,KUL,KUL,2019-05-13 13:40:00,2019-05-13 14:10:00,1.0,0.0,1.0,G10,0.0,854.0,884.0,G10,arr,dpt,79,0,G10,854.0,884.0
80,AK703,AK702,9MAGV,A20N,PAX,0.0,KUL,KUL,2019-05-13 08:40:00,2019-05-13 09:10:00,1.0,0.0,1.0,G17,0.0,554.0,584.0,G4,arr,dpt,80,0,G17,554.0,584.0
81,AK705,AK704,9MAJG,A320,PAX,0.0,KUL,KUL,2019-05-13 09:50:00,2019-05-13 10:30:00,1.0,0.0,1.0,G9,0.0,624.0,664.0,G11,arr,dpt,81,0,G9,624.0,664.0
82,AK707,AK706,9MAFB,A320,PAX,0.0,KUL,KUL,2019-05-13 11:10:00,2019-05-13 11:40:00,1.0,0.0,1.0,G1,0.0,704.0,734.0,G15,arr,dpt,82,0,G1,704.0,734.0
83,AK711,AK710,9MRAE,A320,PAX,0.0,KUL,KUL,2019-05-13 13:00:00,2019-05-13 13:30:00,1.0,0.0,1.0,G12,0.0,814.0,844.0,G14,arr,dpt,83,0,G12,814.0,844.0
84,AK715,AK714,9MAHS,A320,PAX,0.0,KUL,KUL,2019-05-13 15:40:00,2019-05-13 16:10:00,1.0,0.0,1.0,G4,0.0,974.0,1004.0,G2,arr,dpt,84,0,G4,974.0,1004.0
85,AK717,AK716,9MRAB,A20N,PAX,0.0,KUL,KUL,2019-05-13 18:30:00,2019-05-13 19:10:00,1.0,0.0,1.0,G5,0.0,1144.0,1184.0,G9,arr,dpt,85,0,G5,1144.0,1184.0
86,AK719,AK718,9MNEO,A20N,PAX,0.0,KUL,KUL,2019-05-13 20:00:00,2019-05-13 20:45:00,1.0,0.0,1.0,G8,0.0,1234.0,1279.0,G5,arr,dpt,86,0,G8,1234.0,1279.0
87,AK721,AK720,9MAQI,A320,PAX,0.0,KUL,KUL,2019-05-13 20:50:00,2019-05-13 21:20:00,1.0,0.0,1.0,G13,0.0,1284.0,1314.0,G11,arr,dpt,87,0,G13,1284.0,1314.0
88,AK732,AK733,9MAJN,A320,PAX,0.0,LGK,LGK,2019-05-13 10:20:00,2019-05-13 10:55:00,1.0,0.0,1.0,G19R,0.0,654.0,689.0,G8,arr,dpt,88,0,G19R,654.0,689.0
89,AY131,AY132,OHLWM,A359,PAX,0.0,HEL,HEL,2019-05-13 16:30:00,2019-05-13 23:25:00,1.0,0.0,1.0,D34,1.0,1024.0,1439.0,D49,arr,dpt,89,0,D34,1024.0,1439.0
90,BA011,BA012,GXLEK,A388,PAX,0.0,LHR,LHR,2019-05-13 16:05:00,2019-05-13 23:15:00,1.0,0.0,1.0,C25,1.0,999.0,1429.0,C26,arr,dpt,90,0,C25,999.0,1429.0
91,BA015,BA015,GSTBF,B77W,PAX,0.0,SYD,LHR,2019-05-13 17:45:00,2019-05-13 19:25:00,1.0,0.0,1.0,C22,1.0,1099.0,1199.0,C22,arr,dpt,91,0,C22,1099.0,1199.0
92,BA016,BA016,GSTBE,B77W,PAX,0.0,LHR,SYD,2019-05-13 21:05:00,2019-05-13 22:35:00,1.0,0.0,1.0,C24,1.0,1299.0,1389.0,C24,arr,dpt,92,0,C24,1299.0,1389.0
93,BG084,BG085,S2AFL,B738,PAX,0.0,DAC,DAC,2019-05-13 14:40:00,2019-05-13 15:50:00,1.0,0.0,1.0,D48,0.0,914.0,984.0,D49,arr,dpt,93,0,D48,914.0,984.0
94,BI421,BI422,V8RBE,A320,PAX,0.0,BWN,BWN,2019-05-13 11:20:00,2019-05-13 12:10:00,1.0,0.0,1.0,E28,0.0,714.0,764.0,F59R,arr,dpt,94,0,E28,714.0,764.0
95,BI423,BI424,V8RBD,A320,PAX,0.0,BWN,BWN,2019-05-13 20:35:00,2019-05-13 21:25:00,1.0,0.0,1.0,F52R,0.0,1269.0,1319.0,E27R,arr,dpt,95,0,F52R,1269.0,1319.0
96,BL111,BL110,VNA571,A320,PAX,0.0,SGN,SGN,2019-05-13 10:10:00,2019-05-13 11:00:00,1.0,0.0,1.0,C18,0.0,644.0,694.0,C25,arr,dpt,96,0,C18,644.0,694.0
97,BR215,BR216,B16726,B77W,PAX,0.0,TPE,TPE,2019-05-13 13:50:00,2019-05-13 15:10:00,1.0,0.0,1.0,A13,1.0,864.0,944.0,A11,arr,dpt,97,0,A13,864.0,944.0
98,BR225,BR226,B16732,B77W,PAX,0.0,TPE,TPE,2019-05-13 12:00:00,2019-05-13 13:10:00,1.0,0.0,1.0,B7,1.0,754.0,824.0,B5,arr,dpt,98,0,B7,754.0,824.0
99,CA403,CA404,B6793,A320,PAX,0.0,INC,INC,2019-05-13 15:00:00,2019-05-13 16:00:00,1.0,0.0,1.0,D47,0.0,934.0,994.0,C17R,arr,dpt,99,0,D47,934.0,994.0
100,CA775,CA776,B5978,A333,PAX,0.0,PEK,PEK,2019-05-13 16:25:00,2019-05-13 18:00:00,1.0,0.0,1.0,C17,1.0,1019.0,1114.0,D32,arr,dpt,100,0,C17,1019.0,1114.0
101,CA969,CA970,B7879,B789,PAX,0.0,PEK,PEK,2019-05-13 21:55:00,2019-05-13 23:25:00,1.0,0.0,1.0,C22,1.0,1349.0,1439.0,D37,arr,dpt,101,0,C22,1349.0,1439.0
102,CA975,CA976,B5977,A333,PAX,0.0,PEK,PEK,2019-05-13 06:30:00,2019-05-13 09:00:00,1.0,0.0,1.0,D47,1.0,424.0,574.0,D36,arr,dpt,102,0,D47,424.0,574.0
103,CI751,CI751,B18361,A333,PAX,0.0,SUB,TPE,2019-05-13 19:15:00,2019-05-13 20:30:00,1.0,0.0,1.0,A21,1.0,1189.0,1264.0,B5,arr,dpt,103,0,A21,1189.0,1264.0
104,CI752,CI752,B18306,A333,PAX,0.0,TPE,SUB,2019-05-13 09:25:00,2019-05-13 10:25:00,1.0,0.0,1.0,A5,1.0,599.0,659.0,A13,arr,dpt,104,0,A5,599.0,659.0
105,CI753,CI754,B18315,A333,PAX,0.0,TPE,TPE,2019-05-13 12:25:00,2019-05-13 13:25:00,1.0,0.0,1.0,A13,1.0,779.0,839.0,B1,arr,dpt,105,0,A13,779.0,839.0
106,CI7925,CI7926,B18356,A333,PAX,0.0,TPE,TPE,2019-05-13 02:45:00,2019-05-13 03:45:00,1.0,0.0,1.0,B8,1.0,199.0,259.0,B7,arr,dpt,106,0,B8,199.0,259.0
107,CX635,CX636,BLXH,A35K,PAX,0.0,HKG,HKG,2019-05-13 19:10:00,2019-05-13 20:10:00,1.0,0.0,1.0,G21,1.0,1184.0,1244.0,G20,arr,dpt,107,0,G21,1184.0,1244.0
108,CX659,CX650,BLAM,A333,PAX,0.0,HKG,HKG,2019-05-13 05:30:00,2019-05-13 06:35:00,1.0,0.0,1.0,G19,1.0,364.0,429.0,G18,arr,dpt,108,0,G19,364.0,429.0
109,CX691,CX652,BLAQ,A333,PAX,0.0,HKG,HKG,2019-05-13 11:55:00,2019-05-13 12:55:00,1.0,0.0,1.0,G21,1.0,749.0,809.0,G19,arr,dpt,109,0,G21,749.0,809.0
110,CX658,CX658,BHNP,B773,PAX,0.0,HKG,,2019-05-13 00:00:00,2019-05-13 09:50:00,1.0,0.0,1.0,G20,1.0,34.0,624.0,G18,arr,dpt,110,0,G20,34.0,624.0
111,CX710,CX710,BLAZ,A333,PAX,0.0,HKG,,2019-05-13 00:00:00,2019-05-13 08:00:00,1.0,0.0,1.0,G21,1.0,34.0,514.0,G21,arr,dpt,111,0,G21,34.0,514.0
112,CX711,CX711,BLAL,A333,PAX,0.0,,HKG,2019-05-13 20:35:00,2019-05-13 23:59:00,1.0,0.0,0.0,G18,1.0,1269.0,1473.0,G21,arr,tow,112,0,G18,1269.0,1473.0
113,CX759,CX712,BLAK,A333,PAX,0.0,HKG,HKG,2019-05-13 12:25:00,2019-05-13 13:25:00,1.0,0.0,1.0,G19,1.0,779.0,839.0,G18,arr,dpt,113,0,G19,779.0,839.0
114,CX717,CX716,BLXC,A35K,PAX,0.0,HKG,HKG,2019-05-13 15:25:00,2019-05-13 18:00:00,1.0,0.0,1.0,G21,1.0,959.0,1114.0,G19,arr,dpt,114,0,G21,959.0,1114.0
115,CX739,CX734,BHNR,B77W,PAX,0.0,HKG,HKG,2019-05-13 15:05:00,2019-05-13 16:05:00,1.0,0.0,1.0,G18,1.0,939.0,999.0,G18,arr,dpt,115,0,G18,939.0,999.0
116,CX735,CX735,BKQE,B77W,PAX,0.0,,HKG,2019-05-13 18:25:00,2019-05-13 23:59:00,1.0,0.0,0.0,G20,1.0,1139.0,1473.0,G18,arr,tow,116,0,G20,1139.0,1473.0
117,CZ3039,CZ3040,B6202,A319,PAX,0.0,CAN,CAN,2019-05-13 16:50:00,2019-05-13 17:50:00,1.0,0.0,1.0,C11,0.0,1044.0,1104.0,C17L,arr,dpt,117,0,C11,1044.0,1104.0
118,CZ351,CZ351,B6303,A320,PAX,0.0,,CAN,2019-05-13 22:30:00,2019-05-13 23:59:00,1.0,0.0,0.0,C23,0.0,1384.0,1473.0,C17R,arr,tow,118,0,C23,1384.0,1473.0
119,CZ352,CZ352,B6683,A321,PAX,0.0,CAN,,2019-05-13 00:00:00,2019-05-13 08:00:00,1.0,0.0,1.0,D38,0.0,34.0,514.0,C17L,arr,dpt,119,0,D38,34.0,514.0
120,CZ353,CZ354,B1917,B738,PAX,0.0,CAN,CAN,2019-05-13 12:30:00,2019-05-13 13:30:00,1.0,0.0,1.0,C11,0.0,784.0,844.0,D35,arr,dpt,120,0,C11,784.0,844.0
121,CZ8489,CZ8490,B1803,A320,PAX,0.0,CAN,CAN,2019-05-13 03:05:00,2019-05-13 03:55:00,1.0,0.0,1.0,D46,0.0,219.0,269.0,C18,arr,dpt,121,0,D46,219.0,269.0
122,DL168,DL168,N1201P,B763,PAX,0.0,NRT,,2019-05-13 00:00:00,2019-05-13 05:45:00,1.0,0.0,1.0,D48,1.0,34.0,379.0,D36,arr,dpt,122,0,D48,34.0,379.0
123,DL169,DL169,N176DZ,B763,PAX,0.0,,NRT,2019-05-13 23:45:00,2019-05-13 23:59:00,1.0,0.0,0.0,D34,1.0,1459.0,1473.0,D36,arr,tow,123,0,D34,1459.0,1473.0
124,EK352,EK353,A6ECW,B77W,PAX,0.0,DXB,DXB,2019-05-13 08:50:00,2019-05-13 10:25:00,1.0,0.0,1.0,C13,1.0,564.0,659.0,C15,arr,dpt,124,0,C13,564.0,659.0
125,EK404,EK404,A6EQF,B77W,PAX,0.0,MEL,DXB,2019-05-13 20:55:00,2019-05-13 22:40:00,1.0,0.0,1.0,D44,1.0,1289.0,1394.0,C13,arr,dpt,125,0,D44,1289.0,1394.0
126,EK405,EK405,A6EQE,B77W,PAX,0.0,DXB,,2019-05-13 00:00:00,2019-05-13 01:36:00,1.0,0.0,1.0,C24,1.0,34.0,130.0,C15,arr,dpt,126,0,C24,34.0,130.0
127,EK405,EK405,A6ECU,B77W,PAX,0.0,,MEL,2019-05-13 23:50:00,2019-05-13 23:59:00,1.0,0.0,0.0,C22,1.0,1464.0,1473.0,C24,arr,tow,127,0,C22,1464.0,1473.0
128,EK432,EK432,A6ECV,B77W,PAX,0.0,BNE,DXB,2019-05-13 14:05:00,2019-05-13 15:35:00,1.0,0.0,1.0,C15,1.0,879.0,969.0,C15,arr,dpt,128,0,C15,879.0,969.0
129,EK433,EK433,A6ECT,B77W,PAX,0.0,DXB,BNE,2019-05-13 08:15:00,2019-05-13 09:40:00,1.0,0.0,1.0,C24,1.0,529.0,614.0,C13,arr,dpt,129,0,C24,529.0,614.0
130,EK9820,EK9820,A6EFO,B77X,CGO,0.0,HKG,DWC,2019-05-13 05:20:00,2019-05-13 06:55:00,1.0,0.0,1.0,508,1.0,354.0,449.0,603,arr,dpt,130,0,508,354.0,449.0
131,ET639,ET639,ETAOT,B788,PAX,0.0,ADD,KUL,2019-05-13 00:11:00,2019-05-13 02:00:00,1.0,0.0,1.0,469,1.0,45.0,154.0,E5,arr,dpt,131,0,469,45.0,154.0
132,EY470,EY473,A6ETN,B77W,PAX,0.0,AUH,AUH,2019-05-13 09:55:00,2019-05-13 20:10:00,1.0,0.0,1.0,F60,1.0,629.0,1244.0,F58,arr,dpt,132,0,F60,629.0,1244.0
133,FD351,FD350,HSCBJ,A20N,PAX,0.0,DMK,DMK,2019-05-13 20:05:00,2019-05-13 20:40:00,1.0,0.0,1.0,G6,0.0,1239.0,1274.0,G1,arr,dpt,133,0,G6,1239.0,1274.0
134,FD353,FD352,HSABF,A320,PAX,0.0,DMK,DMK,2019-05-13 21:40:00,2019-05-13 22:10:00,1.0,0.0,1.0,G13,0.0,1334.0,1364.0,G12,arr,dpt,134,0,G13,1334.0,1364.0
135,FD355,FD354,HSBBX,A20N,PAX,0.0,DMK,DMK,2019-05-13 16:35:00,2019-05-13 17:05:00,1.0,0.0,1.0,G19L,0.0,1029.0,1059.0,G12,arr,dpt,135,0,G19L,1029.0,1059.0
136,FD357,FD356,HSABO,A320,PAX,0.0,DMK,DMK,2019-05-13 14:05:00,2019-05-13 14:40:00,1.0,0.0,1.0,G13,0.0,879.0,914.0,G8,arr,dpt,136,0,G13,879.0,914.0
137,FD359,FD358,HSBBL,A320,PAX,0.0,DMK,DMK,2019-05-13 10:25:00,2019-05-13 10:55:00,1.0,0.0,1.0,G21R,0.0,659.0,689.0,G6,arr,dpt,137,0,G21R,659.0,689.0
138,FD376,FD377,HSABR,A320,PAX,0.0,HKT,HKT,2019-05-13 12:45:00,2019-05-13 13:15:00,1.0,0.0,1.0,G2,0.0,799.0,829.0,G2,arr,dpt,138,0,G2,799.0,829.0
139,FJ361,FJ360,DQFJP,A332,PAX,0.0,NAN,NAN,2019-05-13 18:00:00,2019-05-13 20:55:00,1.0,0.0,1.0,C23,1.0,1114.0,1289.0,D44,arr,dpt,139,0,C23,1114.0,1289.0
140,FX5311,FX5601,N864FD,B772,CGO,0.0,KIX,NRT,2019-05-13 01:48:00,2019-05-13 17:20:00,1.0,0.0,1.0,502,1.0,142.0,1074.0,611,arr,dpt,140,0,502,142.0,1074.0
141,FX5419,FX6024,N880FD,B772,CGO,0.0,CAN,CAN,2019-05-13 05:00:00,2019-05-13 21:35:00,1.0,0.0,1.0,512,1.0,334.0,1329.0,612,arr,dpt,141,0,512,334.0,1329.0
142,FX5601,FX5601,N104FE,B763,CGO,0.0,,PEN,2019-05-13 16:00:00,2019-05-13 23:59:00,1.0,0.0,0.0,514,1.0,994.0,1473.0,309,arr,tow,142,0,514,994.0,1473.0
143,GA834,GA835,PKGMV,B738,PAX,0.0,CGK,CGK,2019-05-13 16:35:00,2019-05-13 17:40:00,1.0,0.0,1.0,A9,0.0,1029.0,1094.0,B6,arr,dpt,143,0,A9,1029.0,1094.0
144,GA822,GA822,PKGMV,B738,PAX,0.0,,CGK,2019-05-13 23:30:00,2019-05-13 23:59:00,1.0,0.0,0.0,C1,0.0,1444.0,1473.0,305,arr,tow,144,0,C1,1444.0,1473.0
145,GA823,GA823,PKGMG,B738,PAX,0.0,CGK,,2019-05-13 00:00:00,2019-05-13 07:25:00,1.0,0.0,1.0,487,0.0,34.0,479.0,462R,arr,dpt,145,0,487,34.0,479.0
146,GA824,GA825,PKGNL,B738,PAX,0.0,CGK,CGK,2019-05-13 09:00:00,2019-05-13 10:00:00,1.0,0.0,1.0,B3,0.0,574.0,634.0,B6,arr,dpt,146,0,B3,574.0,634.0
147,GA828,GA829,PKGMZ,B738,PAX,0.0,CGK,CGK,2019-05-13 11:20:00,2019-05-13 12:20:00,1.0,0.0,1.0,A12,0.0,714.0,774.0,A11,arr,dpt,147,0,A12,714.0,774.0
148,GA838,GA839,PKGMZ,B738,PAX,0.0,CGK,CGK,2019-05-13 19:20:00,2019-05-13 20:20:00,1.0,0.0,1.0,A14,0.0,1194.0,1254.0,A17,arr,dpt,148,0,A14,1194.0,1254.0
149,GA832,GA833,PKGFJ,B738,PAX,0.0,CGK,CGK,2019-05-13 14:20:00,2019-05-13 15:20:00,1.0,0.0,1.0,A14,0.0,894.0,954.0,A16,arr,dpt,149,0,A14,894.0,954.0
150,GA836,GA837,PKGMS,B738,PAX,0.0,CGK,CGK,2019-05-13 17:45:00,2019-05-13 18:45:00,1.0,0.0,1.0,B3,0.0,1099.0,1159.0,B3,arr,dpt,150,0,B3,1099.0,1159.0
151,GA854,GA843,PKGNI,B738,PAX,0.0,DPS,SUB,2019-05-13 10:50:00,2019-05-13 11:50:00,1.0,0.0,1.0,B3,0.0,684.0,744.0,A3,arr,dpt,151,0,B3,684.0,744.0
152,GA842,GA855,PKGNI,B738,PAX,0.0,SUB,DPS,2019-05-13 18:25:00,2019-05-13 19:30:00,1.0,0.0,1.0,B6,0.0,1139.0,1204.0,A18,arr,dpt,152,0,B6,1139.0,1204.0
153,GX8967,GX8968,B306Q,A320,PAX,0.0,LHW,LHW,2019-05-13 01:20:00,2019-05-13 03:01:00,1.0,0.0,1.0,G12,0.0,114.0,215.0,G1,arr,dpt,153,0,G12,114.0,215.0
154,HO1605,HO1606,B207N,B789,PAX,0.0,PVG,PVG,2019-05-13 21:20:00,2019-05-13 22:35:00,1.0,0.0,1.0,G21,1.0,1314.0,1389.0,G20,arr,dpt,154,0,G21,1314.0,1389.0
155,ID7153,ID7154,PKLAT,A320,PAX,0.0,CGK,CGK,2019-05-13 10:30:00,2019-05-13 11:20:00,1.0,0.0,1.0,B7,0.0,664.0,714.0,A16,arr,dpt,155,0,B7,664.0,714.0
156,ID7157,ID7158,PKLAT,A320,PAX,0.0,CGK,CGK,2019-05-13 21:15:00,2019-05-13 22:05:00,1.0,0.0,1.0,B4,0.0,1309.0,1359.0,A18,arr,dpt,156,0,B4,1309.0,1359.0
157,IX486,IX485,VTAXT,B738,PAX,0.0,COK,COK,2019-05-13 19:30:00,2019-05-13 20:30:00,1.0,0.0,1.0,E27R,0.0,1204.0,1264.0,E1,arr,dpt,157,0,E27R,1204.0,1264.0
158,IX682,IX687,VTAYD,B738,PAX,0.0,MAA,TRZ,2019-05-13 01:01:00,2019-05-13 02:11:00,1.0,0.0,1.0,D41,0.0,95.0,165.0,E24R,arr,dpt,158,0,D41,95.0,165.0
159,IX688,IX681,VTAYD,B738,PAX,0.0,TRZ,MAA,2019-05-13 12:25:00,2019-05-13 13:25:00,1.0,0.0,1.0,E6,0.0,779.0,839.0,E24L,arr,dpt,159,0,E6,779.0,839.0
160,IX684,IX683,VTGHE,B738,PAX,0.0,IXM,IXM,2019-05-13 06:20:00,2019-05-13 10:45:00,1.0,0.0,1.0,E7,0.0,414.0,679.0,202L,arr,dpt,160,0,E7,414.0,679.0
161,JL035,JL712,JA706J,B772,PAX,0.0,NRT,HND,2019-05-13 06:15:00,2019-05-13 08:10:00,1.0,0.0,1.0,D46,1.0,409.0,524.0,C18,arr,dpt,161,0,D46,409.0,524.0
162,JL037,JL036,JA705J,B772,PAX,0.0,HND,HND,2019-05-13 17:35:00,2019-05-13 21:50:00,1.0,0.0,1.0,D47,1.0,1089.0,1344.0,D36,arr,dpt,162,0,D47,1089.0,1344.0
163,JL711,JL038,JA704J,B772,PAX,0.0,HND,NRT,2019-05-13 00:12:00,2019-05-13 01:50:00,1.0,0.0,1.0,D44,1.0,46.0,144.0,C24,arr,dpt,163,0,D44,46.0,144.0
164,JQ116,JQ117,VHVQK,A320,PAX,0.0,PER,PER,2019-05-12 23:26:00,2019-05-13 05:00:00,1.0,0.0,1.0,C25,0.0,0.0,334.0,D38,arr,dpt,164,0,C25,0.0,334.0
165,JT150,JT163,PKLPI,B739,PAX,0.0,CGK,CGK,2019-05-13 11:05:00,2019-05-13 12:00:00,1.0,0.0,1.0,A9,0.0,699.0,754.0,A12,arr,dpt,165,0,A9,699.0,754.0
166,JT162,JT157,PKLPI,B739,PAX,0.0,CGK,CGK,2019-05-13 16:30:00,2019-05-13 17:15:00,1.0,0.0,1.0,A14,0.0,1024.0,1069.0,A18,arr,dpt,166,0,A14,1024.0,1069.0
167,KE643,KE644,HL7533,B773,PAX,0.0,ICN,ICN,2019-05-13 19:55:00,2019-05-13 22:35:00,1.0,0.0,1.0,G19,1.0,1229.0,1389.0,G19,arr,dpt,167,0,G19,1229.0,1389.0
168,KE645,KE645,HL7784,B77W,PAX,0.0,,ICN,2019-05-13 23:50:00,2019-05-13 23:59:00,1.0,0.0,0.0,G19,1.0,1464.0,1473.0,G18,arr,tow,168,0,G19,1464.0,1473.0
169,KE646,KE646,HL8216,B77W,PAX,0.0,ICN,,2019-05-13 00:00:00,2019-05-13 01:13:00,1.0,0.0,1.0,G19,1.0,34.0,107.0,G18,arr,dpt,169,0,G19,34.0,107.0
170,KE647,KE648,HL7587,A333,PAX,0.0,ICN,ICN,2019-05-13 05:00:00,2019-05-13 11:00:00,1.0,0.0,1.0,G18,1.0,334.0,694.0,G19,arr,dpt,170,0,G18,334.0,694.0
171,KL835,KL835,PHBVA,B77W,PAX,0.0,DPS,AMS,2019-05-13 15:35:00,2019-05-13 16:50:00,1.0,0.0,1.0,C26,1.0,969.0,1044.0,D42,arr,dpt,171,0,C26,969.0,1044.0
172,KL836,KL836,PHBVA,B77W,PAX,0.0,,DPS,2019-05-13 23:15:00,2019-05-13 23:59:00,1.0,0.0,0.0,C24,1.0,1429.0,1473.0,D42,arr,tow,172,0,C24,1429.0,1473.0
173,KL836,KL836,PHBVK,B77W,PAX,0.0,AMS,,2019-05-13 00:00:00,2019-05-13 00:55:00,1.0,0.0,1.0,D32,1.0,34.0,89.0,D42,arr,dpt,173,0,D32,34.0,89.0
174,LD326,LD326,EIHEB,A333,CGO,0.0,HKG,,2019-05-13 00:00:00,2019-05-13 21:35:00,1.0,0.0,1.0,602,1.0,34.0,1329.0,601,arr,dpt,174,0,602,34.0,1329.0
175,LH778,LH779,DAIMA,A388,PAX,0.0,FRA,FRA,2019-05-13 16:15:00,2019-05-13 23:40:00,1.0,0.0,1.0,E11,1.0,1009.0,1454.0,E8,arr,dpt,175,0,E11,1009.0,1454.0
176,LH790,LH791,DAIXH,A359,PAX,0.0,MUC,MUC,2019-05-13 16:05:00,2019-05-13 23:25:00,1.0,0.0,1.0,E8,1.0,999.0,1439.0,E20,arr,dpt,176,0,E8,999.0,1439.0
177,LO068,LO068,SPLSD,B789,PAX,0.0,WAW,,2019-05-13 00:00:00,2019-05-13 00:11:00,1.0,0.0,1.0,D41,1.0,34.0,45.0,F54,arr,dpt,177,0,D41,34.0,45.0
178,LX176,LX177,HBJNA,B77W,PAX,0.0,ZRH,ZRH,2019-05-13 16:55:00,2019-05-13 23:30:00,1.0,0.0,1.0,F41,1.0,1049.0,1444.0,E4,arr,dpt,178,0,F41,1049.0,1444.0
179,MF851,MF866,B1969,B738,PAX,0.0,FOC,XMN,2019-05-13 14:05:00,2019-05-13 15:05:00,1.0,0.0,1.0,C16,0.0,879.0,939.0,C25,arr,dpt,179,0,C16,879.0,939.0
180,MF865,MF852,B5688,B738,PAX,0.0,XMN,FOC,2019-05-13 14:00:00,2019-05-13 15:00:00,1.0,0.0,1.0,D35,0.0,874.0,934.0,C16,arr,dpt,180,0,D35,874.0,934.0
181,MF855,MF855,B5533,B738,PAX,0.0,,XIY,2019-05-13 23:00:00,2019-05-13 23:59:00,1.0,0.0,0.0,C15,0.0,1414.0,1473.0,C18,arr,tow,181,0,C15,1414.0,1473.0
182,MF856,MF856,B5529,B738,PAX,0.0,XIY,,2019-05-13 00:00:00,2019-05-13 07:50:00,1.0,0.0,1.0,D30,0.0,34.0,504.0,C17R,arr,dpt,182,0,D30,34.0,504.0
183,MF873,MF873,B6485,B738,PAX,0.0,,DLC,2019-05-13 22:15:00,2019-05-13 23:59:00,1.0,0.0,0.0,D48,0.0,1369.0,1473.0,C25,arr,tow,183,0,D48,1369.0,1473.0
184,MF874,MF874,B1708,B738,PAX,0.0,DLC,,2019-05-13 00:00:00,2019-05-13 08:55:00,1.0,0.0,1.0,D42R,0.0,34.0,569.0,C19,arr,dpt,184,0,D42R,34.0,569.0
185,MH601,MH604,9MMLR,B738,PAX,0.0,KUL,KUL,2019-05-13 09:05:00,2019-05-13 09:55:00,1.0,0.0,1.0,F32,0.0,579.0,629.0,E3,arr,dpt,185,0,F32,579.0,629.0
186,MH609,MH602,9MMSA,B738,PAX,0.0,KUL,KUL,2019-05-13 00:00:00,2019-05-13 06:40:00,1.0,0.0,1.0,E24L,0.0,34.0,434.0,E27L,arr,dpt,186,0,E24L,34.0,434.0
187,MH603,MH606,9MMLE,B738,PAX,0.0,KUL,KUL,2019-05-13 12:55:00,2019-05-13 13:40:00,1.0,0.0,1.0,E28,0.0,809.0,854.0,F31,arr,dpt,187,0,E28,809.0,854.0
188,MH605,MH608,9MMLT,B738,PAX,0.0,KUL,KUL,2019-05-13 17:30:00,2019-05-13 18:10:00,1.0,0.0,1.0,E20,0.0,1084.0,1124.0,F59R,arr,dpt,188,0,E20,1084.0,1124.0
189,MH607,MH610,9MMXW,B738,PAX,0.0,KUL,KUL,2019-05-13 20:25:00,2019-05-13 21:15:00,1.0,0.0,1.0,E20,0.0,1259.0,1309.0,E2,arr,dpt,189,0,E20,1259.0,1309.0
190,MH611,MH614,9MFFF,B738,PAX,0.0,KUL,KUL,2019-05-13 10:15:00,2019-05-13 11:05:00,1.0,0.0,1.0,E27L,0.0,649.0,699.0,E8,arr,dpt,190,0,E27L,649.0,699.0
191,MH613,MH616,9MMLQ,B738,PAX,0.0,KUL,KUL,2019-05-13 18:25:00,2019-05-13 19:15:00,1.0,0.0,1.0,F54,0.0,1139.0,1189.0,E2,arr,dpt,191,0,F54,1139.0,1189.0
192,MH619,MH620,9MMSB,B738,PAX,0.0,KUL,KUL,2019-05-13 15:35:00,2019-05-13 16:35:00,1.0,0.0,1.0,F37,0.0,969.0,1029.0,F32,arr,dpt,192,0,F37,969.0,1029.0
193,MH623,MH624,9MMLJ,B738,PAX,0.0,KUL,KUL,2019-05-13 14:45:00,2019-05-13 15:35:00,1.0,0.0,1.0,E7,0.0,919.0,969.0,E1,arr,dpt,193,0,E7,919.0,969.0
194,MH627,MH628,9MMLH,B738,PAX,0.0,KUL,KUL,2019-05-13 11:25:00,2019-05-13 12:15:00,1.0,0.0,1.0,F54,0.0,719.0,769.0,F31,arr,dpt,194,0,F54,719.0,769.0
195,MH643,MH642,9MMXL,B738,PAX,0.0,KCH,KCH,2019-05-13 12:05:00,2019-05-13 12:50:00,1.0,0.0,1.0,F37,0.0,759.0,804.0,F30,arr,dpt,195,0,F37,759.0,804.0
196,MI102,MI102,9VSLM,A320,PAX,0.0,SRG,,2019-05-13 00:00:00,2019-05-13 08:30:00,1.0,0.0,1.0,F32,0.0,34.0,544.0,G6,arr,dpt,196,0,F32,34.0,544.0
197,MI101,MI518,9VSLM,A320,PAX,0.0,RGN,SRG,2019-05-13 13:20:00,2019-05-13 15:15:00,1.0,0.0,1.0,F37,0.0,834.0,949.0,F56L,arr,dpt,197,0,F37,834.0,949.0
198,MI519,MI519,9VSLM,A320,PAX,0.0,,RGN,2019-05-13 22:10:00,2019-05-13 23:59:00,1.0,0.0,0.0,E3,0.0,1364.0,1473.0,E1,arr,tow,198,0,E3,1364.0,1473.0
199,MI392,MI392,9VSLS,A320,PAX,0.0,BKI,,2019-05-13 00:00:00,2019-05-13 08:45:00,1.0,0.0,1.0,E6,0.0,34.0,559.0,G7,arr,dpt,199,0,E6,34.0,559.0
200,MI391,MI128,9VSLS,A320,PAX,0.0,LOP,BKI,2019-05-13 14:15:00,2019-05-13 15:45:00,1.0,0.0,1.0,E3,0.0,889.0,979.0,F36,arr,dpt,200,0,E3,889.0,979.0
201,MI127,MI127,9VSLS,A320,PAX,0.0,,LOP,2019-05-13 22:10:00,2019-05-13 23:59:00,1.0,0.0,0.0,E27R,0.0,1364.0,1473.0,E2,arr,tow,201,0,E27R,1364.0,1473.0
202,MI134,MI134,9VSLR,A320,PAX,0.0,BPN,,2019-05-13 00:00:00,2019-05-13 08:00:00,1.0,0.0,1.0,F52R,0.0,34.0,514.0,309,arr,dpt,202,0,F52R,34.0,514.0
203,MI133,MI224,9VSLR,A320,PAX,0.0,SUB,BPN,2019-05-13 13:25:00,2019-05-13 14:20:00,1.0,0.0,1.0,E24R,0.0,839.0,894.0,F32,arr,dpt,203,0,E24R,839.0,894.0
204,MI223,MI8902,9VSLR,A320,PAX,0.0,DMK,SUB,2019-05-13 19:55:00,2019-05-13 21:40:00,1.0,0.0,1.0,F56L,0.0,1229.0,1334.0,F59L,arr,dpt,204,0,F56L,1229.0,1334.0
205,MI467,MI142,9VMGA,B738,PAX,0.0,UPG,COK,2019-05-13 05:55:00,2019-05-13 07:55:00,1.0,0.0,1.0,F33,0.0,389.0,509.0,E2,arr,dpt,205,0,F33,389.0,509.0
206,MI141,MI756,9VMGA,B738,PAX,0.0,HKT,UPG,2019-05-13 14:45:00,2019-05-13 16:20:00,1.0,0.0,1.0,E20,0.0,919.0,1014.0,E2,arr,dpt,206,0,E20,919.0,1014.0
207,MI755,MI755,9VMGA,B738,PAX,0.0,,HKT,2019-05-13 20:40:00,2019-05-13 23:59:00,1.0,0.0,0.0,E24R,0.0,1274.0,1473.0,F32,arr,tow,207,0,E24R,1274.0,1473.0
208,MI937,MI152,9VMGF,B738,PAX,0.0,JOG,CTU,2019-05-13 04:10:00,2019-05-13 08:20:00,1.0,0.0,1.0,481,0.0,284.0,534.0,E27L,arr,dpt,208,0,481,284.0,534.0
209,MI151,MI196,9VMGF,B738,PAX,0.0,BDO,JOG,2019-05-13 13:50:00,2019-05-13 14:50:00,1.0,0.0,1.0,E6,0.0,864.0,924.0,F58,arr,dpt,209,0,E6,864.0,924.0
210,MI195,MI356,9VMGF,B738,PAX,0.0,PEN,BDO,2019-05-13 19:40:00,2019-05-13 20:15:00,1.0,0.0,1.0,F56R,0.0,1214.0,1249.0,F30,arr,dpt,210,0,F56R,1214.0,1249.0
211,MI355,MI355,9VMGF,B738,PAX,0.0,,PEN,2019-05-13 23:50:00,2019-05-13 23:59:00,1.0,0.0,0.0,F52R,0.0,1464.0,1473.0,E27R,arr,tow,211,0,F52R,1464.0,1473.0
212,MI413,MI176,9VMGH,B738,PAX,0.0,DPS,KTM,2019-05-13 03:35:00,2019-05-13 07:00:00,1.0,0.0,1.0,D41,0.0,249.0,454.0,F32,arr,dpt,212,0,D41,249.0,454.0
213,MI175,MI616,9VMGH,B738,PAX,0.0,REP,DPS,2019-05-13 13:00:00,2019-05-13 13:50:00,1.0,0.0,1.0,E4,0.0,814.0,864.0,E2,arr,dpt,213,0,E4,814.0,864.0
214,MI615,MI456,9VMGH,B738,PAX,0.0,CJB,REP,2019-05-13 19:15:00,2019-05-13 20:15:00,1.0,0.0,1.0,E24R,0.0,1189.0,1249.0,F59R,arr,dpt,214,0,E24R,1189.0,1249.0
215,MI868,MI868,9VMGG,B738,PAX,0.0,HIJ,,2019-05-13 00:00:00,2019-05-13 01:45:00,1.0,0.0,1.0,E27R,0.0,34.0,139.0,F59R,arr,dpt,215,0,E27R,34.0,139.0
216,MI867,MI226,9VMGG,B738,PAX,0.0,SUB,HIJ,2019-05-13 15:45:00,2019-05-13 16:30:00,1.0,0.0,1.0,E27L,0.0,979.0,1024.0,F56L,arr,dpt,216,0,E27L,979.0,1024.0
217,MI225,MI876,9VMGG,B738,PAX,0.0,PUS,SUB,2019-05-13 21:55:00,2019-05-13 23:15:00,1.0,0.0,1.0,F52R,0.0,1349.0,1429.0,E27R,arr,dpt,217,0,F52R,1349.0,1429.0
218,MI234,MI234,9VMGC,B738,PAX,0.0,KNO,,2019-05-13 00:00:00,2019-05-13 07:40:00,1.0,0.0,1.0,D40R,0.0,34.0,494.0,D42L,arr,dpt,218,0,D40R,34.0,494.0
219,MI233,MI936,9VMGC,B738,PAX,0.0,CTU,KNO,2019-05-13 11:05:00,2019-05-13 12:45:00,1.0,0.0,1.0,F30,0.0,699.0,799.0,E27R,arr,dpt,219,0,F30,699.0,799.0
220,MI935,MI935,9VMGC,B738,PAX,0.0,,CTU,2019-05-13 23:30:00,2019-05-13 23:59:00,1.0,0.0,0.0,E1,0.0,1444.0,1473.0,F30,arr,tow,220,0,E1,1444.0,1473.0
221,MI473,MI602,9VMGI,B738,PAX,0.0,PNH,HYD,2019-05-13 06:10:00,2019-05-13 07:40:00,1.0,0.0,1.0,E27R,0.0,404.0,494.0,F59R,arr,dpt,221,0,E27R,404.0,494.0
222,MI601,MI754,9VMGI,B738,PAX,0.0,HKT,PNH,2019-05-13 12:40:00,2019-05-13 13:20:00,1.0,0.0,1.0,F52R,0.0,794.0,834.0,F52R,arr,dpt,222,0,F52R,794.0,834.0
223,MI753,MI238,9VMGI,B738,PAX,0.0,KNO,HKT,2019-05-13 17:40:00,2019-05-13 19:00:00,1.0,0.0,1.0,E6,0.0,1094.0,1174.0,F30,arr,dpt,223,0,E6,1094.0,1174.0
224,MI237,MI237,9VMGI,B738,PAX,0.0,,KNO,2019-05-13 22:20:00,2019-05-13 23:59:00,1.0,0.0,0.0,F37,0.0,1374.0,1473.0,D40L,arr,tow,224,0,F37,1374.0,1473.0
225,MI320,MI320,9VMGJ,B738,PAX,0.0,KUL,,2019-05-13 00:00:00,2019-05-13 06:00:00,1.0,0.0,1.0,F56L,0.0,34.0,394.0,D40L,arr,dpt,225,0,F56L,34.0,394.0
226,MI319,MI274,9VMGJ,B738,PAX,0.0,MDC,KUL,2019-05-13 08:35:00,2019-05-13 09:25:00,1.0,0.0,1.0,F30,0.0,549.0,599.0,F33,arr,dpt,226,0,F30,549.0,599.0
227,MI468R,MI468R,9VMGJ,B738,CRW,0.0,,RTN,2019-05-13 21:00:00,2019-05-13 23:59:00,1.0,0.0,0.0,E7,0.0,1294.0,1473.0,E6,arr,tow,227,0,E7,1294.0,1473.0
228,MI322,MI322,9VMGM,B738,PAX,0.0,KUL,,2019-05-13 00:00:00,2019-05-13 07:10:00,1.0,0.0,1.0,F35L,0.0,34.0,464.0,F52L,arr,dpt,228,0,F35L,34.0,464.0
229,MI321,MI606,9VMGM,B738,PAX,0.0,PNH,KUL,2019-05-13 09:55:00,2019-05-13 12:10:00,1.0,0.0,1.0,E24R,0.0,629.0,764.0,F41,arr,dpt,229,0,E24R,629.0,764.0
230,MI605,MI803,9VMGM,B738,PAX,0.0,DRW,PNH,2019-05-13 17:10:00,2019-05-13 18:30:00,1.0,0.0,1.0,E7,0.0,1064.0,1144.0,F33,arr,dpt,230,0,E7,1064.0,1144.0
231,MI424,MI424,9VMGE,B738,PAX,0.0,BLR,,2019-05-13 00:00:00,2019-05-13 07:05:00,1.0,0.0,0.0,474,0.0,34.0,459.0,E24R,arr,tow,231,0,474,34.0,459.0
232,MI424,MI424,9VMGE,B738,PAX,0.0,BLR,,2019-05-13 07:05:00,2019-05-13 09:05:00,0.0,0.0,1.0,E24L,0.0,459.0,579.0,E24R,tow,dpt,232,0,E24L,459.0,579.0
233,MI423,MI342,9VMGE,B738,PAX,0.0,KUL,BLR,2019-05-13 19:00:00,2019-05-13 20:00:00,1.0,0.0,1.0,F37,0.0,1174.0,1234.0,F37,arr,dpt,233,0,F37,1174.0,1234.0
234,MI341,MI341,9VMGE,B738,PAX,0.0,,KUL,2019-05-13 22:40:00,2019-05-13 23:59:00,1.0,0.0,0.0,E12,0.0,1394.0,1473.0,D41,arr,tow,234,0,E12,1394.0,1473.0
235,MI346,MI346,9VMGL,B738,PAX,0.0,PEN,,2019-05-13 00:00:00,2019-05-13 08:05:00,1.0,0.0,1.0,F35R,0.0,34.0,519.0,E24L,arr,dpt,235,0,F35R,34.0,519.0
236,MI345,MI561,9VMGL,B738,PAX,0.0,CEB,PEN,2019-05-13 11:40:00,2019-05-13 12:35:00,1.0,0.0,1.0,E26,0.0,734.0,789.0,F34,arr,dpt,236,0,E26,734.0,789.0
237,MI561,MI561,9VMGL,B738,PAX,0.0,,DVO,2019-05-13 22:35:00,2019-05-13 23:59:00,1.0,0.0,0.0,F56L,0.0,1389.0,1473.0,D40R,arr,tow,237,0,F56L,1389.0,1473.0
238,MI348,MI348,9VSLG,A320,PAX,0.0,PEN,,2019-05-13 00:00:00,2019-05-13 08:00:00,1.0,0.0,0.0,486,0.0,34.0,514.0,F52R,arr,tow,238,0,486,34.0,514.0
239,MI348,MI348,9VSLG,A320,PAX,0.0,PEN,,2019-05-13 08:00:00,2019-05-13 10:00:00,0.0,0.0,1.0,D40R,0.0,514.0,634.0,F52R,tow,dpt,239,0,D40R,514.0,634.0
240,MI347,MI706,9VSLG,A320,PAX,0.0,CNX,PEN,2019-05-13 13:40:00,2019-05-13 15:15:00,1.0,0.0,1.0,F50,0.0,854.0,949.0,F30,arr,dpt,240,0,F50,854.0,949.0
241,MI705,MI705,9VSLG,A320,PAX,0.0,,CNX,2019-05-13 22:05:00,2019-05-13 23:59:00,1.0,0.0,0.0,F42,0.0,1359.0,1473.0,F52L,arr,tow,241,0,F42,1359.0,1473.0
242,MI772,MI772,9VSBG,A319,PAX,0.0,USM,,2019-05-13 00:00:00,2019-05-13 08:10:00,1.0,0.0,1.0,F59L,0.0,34.0,524.0,G9,arr,dpt,242,0,F59L,34.0,524.0
243,MI771,MI350,9VSBG,A319,PAX,0.0,PEN,USM,2019-05-13 12:35:00,2019-05-13 13:20:00,1.0,0.0,1.0,E2,0.0,789.0,834.0,E7,arr,dpt,243,0,E2,789.0,834.0
244,MI349,MI354,9VSBG,A319,PAX,0.0,PEN,PEN,2019-05-13 16:55:00,2019-05-13 19:00:00,1.0,0.0,1.0,E1,0.0,1049.0,1174.0,E24L,arr,dpt,244,0,E1,1049.0,1174.0
245,MI353,MI353,9VSBG,A319,PAX,0.0,,PEN,2019-05-13 22:40:00,2019-05-13 23:59:00,1.0,0.0,0.0,D40L,0.0,1394.0,1473.0,F52R,arr,tow,245,0,D40L,1394.0,1473.0
246,MI441,MI774,9VSBH,A319,PAX,0.0,USM,VTZ,2019-05-13 05:50:00,2019-05-13 06:50:00,1.0,0.0,0.0,E20,0.0,384.0,444.0,F36,arr,tow,246,0,E20,384.0,444.0
247,MI441,MI774,9VSBH,A319,PAX,0.0,USM,VTZ,2019-05-13 06:50:00,2019-05-13 08:25:00,0.0,1.0,0.0,484,0.0,444.0,539.0,F36,tow,tow,247,0,484,444.0,539.0
248,MI441,MI774,9VSBH,A319,PAX,0.0,USM,VTZ,2019-05-13 08:25:00,2019-05-13 10:25:00,0.0,0.0,1.0,F37,0.0,539.0,659.0,F36,tow,dpt,248,0,F37,539.0,659.0
249,MI773,MI352,9VSBH,A319,PAX,0.0,PEN,USM,2019-05-13 14:55:00,2019-05-13 15:40:00,1.0,0.0,1.0,F52L,0.0,929.0,974.0,F33,arr,dpt,249,0,F52L,929.0,974.0
250,MI351,MI351,9VSBH,A319,PAX,0.0,,PEN,2019-05-13 19:25:00,2019-05-13 23:59:00,1.0,0.0,0.0,F35R,0.0,1199.0,1473.0,F52L,arr,tow,250,0,F35R,1199.0,1473.0
251,MI463,MI962,9VMGO,B738,PAX,0.0,SZX,COK,2019-05-13 04:25:00,2019-05-13 07:00:00,1.0,0.0,1.0,E5,0.0,299.0,454.0,F35L,arr,dpt,251,0,E5,299.0,454.0
252,MI961,MI414,9VMGO,B738,PAX,0.0,KTM,SZX,2019-05-13 15:45:00,2019-05-13 17:10:00,1.0,0.0,1.0,F56R,0.0,979.0,1064.0,F30,arr,dpt,252,0,F56R,979.0,1064.0
253,MI455,MI922,9VMGP,B738,PAX,0.0,XMN,CJB,2019-05-13 06:00:00,2019-05-13 08:00:00,1.0,0.0,1.0,F37,0.0,394.0,514.0,F37,arr,dpt,253,0,F37,394.0,514.0
254,MI921,MI474,9VMGP,B738,PAX,0.0,HYD,XMN,2019-05-13 17:30:00,2019-05-13 20:00:00,1.0,0.0,1.0,F52L,0.0,1084.0,1234.0,E27R,arr,dpt,254,0,F52L,1084.0,1234.0
255,MI811,MI811,9VMGN,B738,PAX,0.0,CNS,,2019-05-13 00:00:00,2019-05-13 01:11:00,1.0,0.0,1.0,F50,0.0,34.0,105.0,E2,arr,dpt,255,0,F50,34.0,105.0
256,MI812,MI608,9VMGN,B738,PAX,0.0,PNH,CNS,2019-05-13 15:25:00,2019-05-13 16:35:00,1.0,0.0,1.0,F41,0.0,959.0,1029.0,F37,arr,dpt,256,0,F41,959.0,1029.0
257,MI607,MI468D,9VMGN,B738,PAX,0.0,COK,PNH,2019-05-13 21:25:00,2019-05-13 22:30:00,1.0,0.0,1.0,F40,0.0,1319.0,1384.0,E7,arr,dpt,257,0,F40,1319.0,1384.0
258,MI471,MI482,9VMGK,B738,PAX,0.0,MLE,HYD,2019-05-13 08:05:00,2019-05-13 10:05:00,1.0,0.0,1.0,E2,0.0,519.0,639.0,F35L,arr,dpt,258,0,E2,519.0,639.0
259,MI481,MI481,9VMGK,B738,PAX,0.0,,MLE,2019-05-13 20:40:00,2019-05-13 23:59:00,1.0,0.0,0.0,F59L,0.0,1274.0,1473.0,E27L,arr,tow,259,0,F59L,1274.0,1473.0
260,MI568,MI568,9VSLQ,A320,PAX,0.0,CEB,,2019-05-13 00:00:00,2019-05-13 08:15:00,1.0,0.0,0.0,402,0.0,34.0,529.0,E24L,arr,tow,260,0,402,34.0,529.0
261,MI568,MI568,9VSLQ,A320,PAX,0.0,CEB,,2019-05-13 08:15:00,2019-05-13 10:15:00,0.0,0.0,1.0,E27R,0.0,529.0,649.0,E24L,tow,dpt,261,0,E27R,529.0,649.0
262,MI567,MI567,9VSLQ,A320,PAX,0.0,,CEB,2019-05-13 18:30:00,2019-05-13 23:59:00,1.0,0.0,0.0,F36,0.0,1144.0,1473.0,F52R,arr,tow,262,0,F36,1144.0,1473.0
263,MI632,MI632,9VMGB,B738,PAX,0.0,DAD,,2019-05-13 00:00:00,2019-05-13 09:00:00,1.0,0.0,1.0,F59R,0.0,34.0,574.0,F52L,arr,dpt,263,0,F59R,34.0,574.0
264,MI631,MI938,9VMGB,B738,PAX,0.0,CTU,DAD,2019-05-13 16:20:00,2019-05-13 17:45:00,1.0,0.0,1.0,F56L,0.0,1014.0,1099.0,F52R,arr,dpt,264,0,F56L,1014.0,1099.0
265,MI957,MI752,9VSLP,A320,PAX,0.0,HKT,CSX,2019-05-13 04:55:00,2019-05-13 08:30:00,1.0,0.0,1.0,479,0.0,329.0,544.0,F30,arr,dpt,265,0,479,329.0,544.0
266,MI751,MI640,9VSLP,A320,PAX,0.0,DAD,HKT,2019-05-13 13:05:00,2019-05-13 14:00:00,1.0,0.0,1.0,E27R,0.0,819.0,874.0,E1,arr,dpt,266,0,E27R,819.0,874.0
267,MI639,MI639,9VSLP,A320,PAX,0.0,,DAD,2019-05-13 20:15:00,2019-05-13 23:59:00,1.0,0.0,0.0,F32,0.0,1249.0,1473.0,E24L,arr,tow,267,0,F32,1249.0,1473.0
268,MI8921,MI972,9VMGD,B738,CHT,0.0,CKG,TPE,2019-05-13 01:08:00,2019-05-13 07:00:00,1.0,0.0,1.0,E3,0.0,102.0,454.0,E6,arr,dpt,268,0,E3,102.0,454.0
269,MI971,MI758,9VMGD,B738,PAX,0.0,HKT,CKG,2019-05-13 17:25:00,2019-05-13 18:30:00,1.0,0.0,1.0,F52R,0.0,1079.0,1144.0,E1,arr,dpt,269,0,F52R,1079.0,1144.0
270,MI757,MI757,9VMGD,B738,PAX,0.0,,HKT,2019-05-13 22:55:00,2019-05-13 23:59:00,1.0,0.0,0.0,F40,0.0,1409.0,1473.0,E24R,arr,tow,270,0,F40,1409.0,1473.0
271,MI986,MI986,9VSLO,A320,PAX,0.0,WUH,,2019-05-13 00:00:00,2019-05-13 09:00:00,1.0,0.0,1.0,D40L,0.0,34.0,574.0,E6,arr,dpt,271,0,D40L,34.0,574.0
272,MI985,MI985,9VSLO,A320,PAX,0.0,,WUH,2019-05-13 19:55:00,2019-05-13 23:59:00,1.0,0.0,0.0,E4,0.0,1229.0,1473.0,F35R,arr,tow,272,0,E4,1229.0,1473.0
273,MI996,MI996,9VSLL,A320,PAX,0.0,FOC,,2019-05-13 00:00:00,2019-05-13 08:35:00,1.0,0.0,0.0,482,0.0,34.0,549.0,E27R,arr,tow,273,0,482,34.0,549.0
274,MI996,MI996,9VSLL,A320,PAX,0.0,FOC,,2019-05-13 08:35:00,2019-05-13 10:35:00,0.0,0.0,1.0,F59L,0.0,549.0,669.0,E27R,tow,dpt,274,0,F59L,549.0,669.0
275,MI995,MI995,9VSLL,A320,PAX,0.0,,FOC,2019-05-13 20:45:00,2019-05-13 23:59:00,1.0,0.0,0.0,E24L,0.0,1279.0,1473.0,F37,arr,tow,275,0,E24L,1279.0,1473.0
276,MU5081,MU5082,B6149,B738,PAX,0.0,KMG,KMG,2019-05-13 11:10:00,2019-05-13 12:10:00,1.0,0.0,1.0,A3,0.0,704.0,764.0,B3,arr,dpt,276,0,A3,704.0,764.0
277,MU543,MU546,B1113,B789,PAX,0.0,PVG,PVG,2019-05-13 05:25:00,2019-05-13 10:10:00,1.0,0.0,1.0,A20,1.0,359.0,644.0,B5,arr,dpt,277,0,A20,359.0,644.0
278,MU544,MU544,B5938,A332,PAX,0.0,CGQ,,2019-05-13 00:00:00,2019-05-13 00:54:00,1.0,0.0,1.0,466,1.0,34.0,88.0,463,arr,dpt,278,0,466,34.0,88.0
279,MU545,MU545,B5921,A332,PAX,0.0,,CGQ,2019-05-13 21:55:00,2019-05-13 23:59:00,1.0,0.0,0.0,A9,1.0,1349.0,1473.0,462,arr,tow,279,0,A9,1349.0,1473.0
280,MU565,MU566,B209N,B789,PAX,0.0,PVG,PVG,2019-05-13 20:10:00,2019-05-13 23:10:00,1.0,0.0,1.0,C1,1.0,1244.0,1424.0,B6,arr,dpt,280,0,C1,1244.0,1424.0
281,MU567,MU568,B5920,A332,PAX,0.0,PVG,PVG,2019-05-13 15:35:00,2019-05-13 16:35:00,1.0,0.0,1.0,A10,1.0,969.0,1029.0,A15,arr,dpt,281,0,A10,969.0,1029.0
282,NH801,NH802,JA900A,B78X,PAX,0.0,NRT,NRT,2019-05-13 00:18:00,2019-05-13 06:10:00,1.0,0.0,1.0,E4,1.0,52.0,404.0,E28,arr,dpt,282,0,E4,52.0,404.0
283,NH841,NH844,JA875A,B789,PAX,0.0,HND,HND,2019-05-13 17:15:00,2019-05-13 22:10:00,1.0,0.0,1.0,F34,1.0,1069.0,1364.0,E28,arr,dpt,283,0,F34,1069.0,1364.0
284,NH843,NH842,JA893A,B789,PAX,0.0,HND,HND,2019-05-13 06:40:00,2019-05-13 11:00:00,1.0,0.0,1.0,F42,1.0,434.0,694.0,E28,arr,dpt,284,0,F42,434.0,694.0
285,NQ803,NQ803,JA836A,B789,PAX,0.0,,NRT,2019-05-13 23:15:00,2019-05-13 23:59:00,1.0,0.0,0.0,F58,1.0,1429.0,1473.0,F58,arr,tow,285,0,F58,1429.0,1473.0
286,NQ804,NQ804,JA872A,B789,PAX,0.0,NRT,,2019-05-13 00:00:00,2019-05-13 00:36:00,1.0,0.0,1.0,E26,1.0,34.0,70.0,E3,arr,dpt,286,0,E26,34.0,70.0
287,NS3527,NS3528,B1560,B738,PAX,0.0,SJW,SJW,2019-05-13 16:10:00,2019-05-13 17:00:00,1.0,0.0,1.0,D37,0.0,1004.0,1054.0,D35,arr,dpt,287,0,D37,1004.0,1054.0
288,NZ282,NZ281,ZKNZJ,B789,PAX,0.0,AKL,AKL,2019-05-13 06:40:00,2019-05-13 08:50:00,1.0,0.0,1.0,C1,1.0,434.0,564.0,A19,arr,dpt,288,0,C1,434.0,564.0
289,OD801,OD802,9MLNM,B738,PAX,0.0,KUL,KUL,2019-05-13 09:20:00,2019-05-13 10:10:00,1.0,0.0,1.0,C20,0.0,594.0,644.0,A18,arr,dpt,289,0,C20,594.0,644.0
290,OD803,OD804,9MLNS,B738,PAX,0.0,KUL,KUL,2019-05-13 11:30:00,2019-05-13 12:20:00,1.0,0.0,1.0,C1,0.0,724.0,774.0,B6,arr,dpt,290,0,C1,724.0,774.0
291,OD807,OD808,9MLCD,B738,PAX,0.0,KUL,KUL,2019-05-13 16:10:00,2019-05-13 17:00:00,1.0,0.0,1.0,C20,0.0,1004.0,1054.0,B3,arr,dpt,291,0,C20,1004.0,1054.0
292,OD805,OD806,9MLCD,B738,PAX,0.0,KUL,KUL,2019-05-13 20:40:00,2019-05-13 21:30:00,1.0,0.0,1.0,A9,0.0,1274.0,1324.0,A9,arr,dpt,292,0,A9,1274.0,1324.0
293,OZ751,OZ752,HL8359,A359,PAX,0.0,ICN,ICN,2019-05-13 21:30:00,2019-05-13 22:50:00,1.0,0.0,1.0,B8,1.0,1324.0,1404.0,B8,arr,dpt,293,0,B8,1324.0,1404.0
294,OZ753,OZ754,HL7791,B772,PAX,0.0,ICN,ICN,2019-05-13 01:43:00,2019-05-13 02:45:00,1.0,0.0,1.0,B6,1.0,137.0,199.0,B5,arr,dpt,294,0,B6,137.0,199.0
295,PG961,PG962,HSPGN,A319,PAX,0.0,BKK,BKK,2019-05-13 19:20:00,2019-05-13 20:15:00,1.0,0.0,1.0,D38,0.0,1194.0,1249.0,D47,arr,dpt,295,0,D38,1194.0,1249.0
296,PG963,PG968,HSPGT,A319,PAX,0.0,BKK,BKK,2019-05-13 16:25:00,2019-05-13 17:20:00,1.0,0.0,1.0,C18,0.0,1019.0,1074.0,C16,arr,dpt,296,0,C18,1019.0,1074.0
297,PN6357,PN6357,B1898,A320,PAX,0.0,,URC,2019-05-13 23:35:00,2019-05-13 23:59:00,1.0,0.0,0.0,G12,0.0,1449.0,1473.0,G2,arr,tow,297,0,G12,1449.0,1473.0
298,PN6358,PN6358,B1897,A320,PAX,0.0,URC,,2019-05-13 00:00:00,2019-05-13 00:34:00,1.0,0.0,1.0,G13,0.0,34.0,68.0,G1,arr,dpt,298,0,G13,34.0,68.0
299,PO980,PO980,N416MC,B74Y,CGO,0.0,HKG,,2019-05-13 00:00:00,2019-05-13 00:57:00,1.0,0.0,1.0,516,1.0,34.0,91.0,602,arr,dpt,299,0,516,34.0,91.0
300,PR510,PR510,RPC9903,A321,PAX,0.0,MNL,,2019-05-13 00:00:00,2019-05-13 00:20:00,1.0,0.0,1.0,D46,0.0,34.0,54.0,D35,arr,dpt,300,0,D46,34.0,54.0
301,PR511,PR502,RPC9903,A321,PAX,0.0,MNL,MNL,2019-05-13 09:40:00,2019-05-13 10:30:00,1.0,0.0,1.0,D36,0.0,614.0,664.0,C17R,arr,dpt,301,0,D36,614.0,664.0
302,PR501,PR512,RPC9903,A321,PAX,0.0,MNL,MNL,2019-05-13 18:50:00,2019-05-13 19:45:00,1.0,0.0,1.0,D42L,0.0,1164.0,1219.0,C1,arr,dpt,302,0,D42L,1164.0,1219.0
303,PR507,PR508,RPC7777,B77W,PAX,0.0,MNL,MNL,2019-05-13 13:40:00,2019-05-13 14:30:00,1.0,0.0,1.0,C24,1.0,854.0,904.0,C13,arr,dpt,303,0,C24,854.0,904.0
304,PR509,PR509,RPC9925,A321,PAX,0.0,,MNL,2019-05-13 23:10:00,2019-05-13 23:59:00,1.0,0.0,0.0,D38,0.0,1424.0,1473.0,C16,arr,tow,304,0,D38,1424.0,1473.0
305,PX392,PX393,P2PXW,B763,PAX,0.0,POM,POM,2019-05-13 18:30:00,2019-05-13 20:15:00,1.0,0.0,1.0,D35,1.0,1144.0,1249.0,D37,arr,dpt,305,0,D35,1144.0,1249.0
306,QF001,QF001,VHOQL,A388,PAX,0.0,LHR,SYD,2019-05-13 22:15:00,2019-05-13 23:55:00,1.0,0.0,1.0,C26,1.0,1369.0,1469.0,D46,arr,dpt,306,0,C26,1369.0,1469.0
307,QF002,QF002,VHOQC,A388,PAX,0.0,SYD,LHR,2019-05-13 17:25:00,2019-05-13 19:30:00,1.0,0.0,1.0,D46,1.0,1079.0,1204.0,D46,arr,dpt,307,0,D46,1079.0,1204.0
308,QF035,QF036,VHOQK,A388,PAX,0.0,MEL,MEL,2019-05-13 17:55:00,2019-05-13 20:15:00,1.0,0.0,1.0,C26,1.0,1109.0,1249.0,C25,arr,dpt,308,0,C26,1109.0,1249.0
309,QF037,QF038,VHEBJ,A332,PAX,0.0,MEL,MEL,2019-05-13 22:25:00,2019-05-13 23:50:00,1.0,0.0,1.0,C18,1.0,1379.0,1464.0,D44,arr,dpt,309,0,C18,1379.0,1464.0
310,QF051,QF082,VHQPB,A333,PAX,0.0,SYD,BNE,2019-05-13 18:15:00,2019-05-13 21:10:00,1.0,0.0,1.0,C20,1.0,1129.0,1304.0,C15,arr,dpt,310,0,C20,1129.0,1304.0
311,QF081,QF052,VHQPF,A333,PAX,0.0,BNE,SYD,2019-05-13 16:50:00,2019-05-13 20:30:00,1.0,0.0,1.0,D48,1.0,1044.0,1264.0,D34,arr,dpt,311,0,D48,1044.0,1264.0
312,QF071,QF072,VHEBC,A332,PAX,0.0,PER,PER,2019-05-13 17:20:00,2019-05-13 18:40:00,1.0,0.0,1.0,D44,1.0,1074.0,1154.0,C13,arr,dpt,312,0,D44,1074.0,1154.0
313,QR942,QR943,A7ALV,A359,PAX,0.0,DOH,DOH,2019-05-13 09:05:00,2019-05-13 10:45:00,1.0,0.0,1.0,C15,1.0,579.0,679.0,D32,arr,dpt,313,0,C15,579.0,679.0
314,QR944,QR947,A7AME,A359,PAX,0.0,DOH,DOH,2019-05-13 20:15:00,2019-05-13 21:25:00,1.0,0.0,1.0,C17,1.0,1249.0,1319.0,D32,arr,dpt,314,0,C17,1249.0,1319.0
315,QR945,QR945,A7ANF,A35K,PAX,0.0,DOH,,2019-05-13 00:00:00,2019-05-13 02:10:00,1.0,0.0,1.0,D49,1.0,34.0,164.0,D32,arr,dpt,315,0,D49,34.0,164.0
316,QR946,QR946,A7ANA,A35K,PAX,0.0,,DOH,2019-05-13 15:45:00,2019-05-13 23:59:00,1.0,0.0,0.0,C13,1.0,979.0,1473.0,D34,arr,tow,316,0,C13,979.0,1473.0
317,QZ262,QZ263,PKAXV,A320,PAX,0.0,CGK,CGK,2019-05-13 09:50:00,2019-05-13 10:20:00,1.0,0.0,1.0,G14,0.0,624.0,654.0,G1,arr,dpt,317,0,G14,624.0,654.0
318,QZ264,QZ663,PKAZK,A320,PAX,0.0,SRG,CGK,2019-05-13 14:00:00,2019-05-13 14:25:00,1.0,0.0,1.0,G21R,0.0,874.0,899.0,G1,arr,dpt,318,0,G21R,874.0,899.0
319,QZ662,QZ265,PKAZK,A320,PAX,0.0,CGK,SRG,2019-05-13 19:10:00,2019-05-13 19:35:00,1.0,0.0,1.0,G8,0.0,1184.0,1209.0,G2,arr,dpt,319,0,G8,1184.0,1209.0
320,QZ268,QZ269,PKAZH,A320,PAX,0.0,CGK,CGK,2019-05-13 21:15:00,2019-05-13 22:00:00,1.0,0.0,1.0,G9,0.0,1309.0,1354.0,G2,arr,dpt,320,0,G9,1309.0,1354.0
321,QZ365,QZ366,PKAZI,A320,PAX,0.0,BDO,BDO,2019-05-13 11:20:00,2019-05-13 12:00:00,1.0,0.0,1.0,G17,0.0,714.0,754.0,G9,arr,dpt,321,0,G17,714.0,754.0
322,QZ508,QZ509,PKAZI,A320,PAX,0.0,DPS,DPS,2019-05-13 20:20:00,2019-05-13 21:05:00,1.0,0.0,1.0,G14,0.0,1254.0,1299.0,G14,arr,dpt,322,0,G14,1254.0,1299.0
323,QZ502,QZ503,PKAXE,A320,PAX,0.0,DPS,DPS,2019-05-13 09:55:00,2019-05-13 10:35:00,1.0,0.0,1.0,G1,0.0,629.0,669.0,G13,arr,dpt,323,0,G1,629.0,669.0
324,QZ506,QZ507,PKAXE,A320,PAX,0.0,DPS,DPS,2019-05-13 16:40:00,2019-05-13 17:10:00,1.0,0.0,1.0,G7,0.0,1034.0,1064.0,G4,arr,dpt,324,0,G7,1034.0,1064.0
325,QZ504,QZ505,PKAXX,A320,PAX,0.0,DPS,DPS,2019-05-13 11:45:00,2019-05-13 12:15:00,1.0,0.0,1.0,G9,0.0,739.0,769.0,G1,arr,dpt,325,0,G9,739.0,769.0
326,QZ658,QZ659,PKAZL,A320,PAX,0.0,JOG,JOG,2019-05-13 10:45:00,2019-05-13 11:15:00,1.0,0.0,1.0,G6,0.0,679.0,709.0,G2,arr,dpt,326,0,G6,679.0,709.0
327,RU129,RU129,VPBBL,B74N,CGO,0.0,,SVO,2019-05-13 21:55:00,2019-05-13 23:59:00,1.0,0.0,0.0,504,1.0,1349.0,1473.0,509,arr,tow,327,0,504,1349.0,1473.0
328,RU737,RU737,VQBLQ,B742,CGO,0.0,SVO,,2019-05-13 00:00:00,2019-05-13 00:40:00,1.0,0.0,1.0,514,1.0,34.0,74.0,508,arr,dpt,328,0,514,34.0,74.0
329,RX788,RX789,S2AIJ,B738,PAX,0.0,DAC,DAC,2019-05-13 03:50:00,2019-05-13 04:50:00,1.0,0.0,1.0,G10,0.0,264.0,324.0,G2,arr,dpt,329,0,G10,264.0,324.0
330,SL100,SL101,HSLTJ,B739,PAX,0.0,DMK,DMK,2019-05-13 11:20:00,2019-05-13 12:20:00,1.0,0.0,1.0,A19,0.0,714.0,774.0,A19,arr,dpt,330,0,A19,714.0,774.0
331,SL104,SL105,HSLTU,B739,PAX,0.0,DMK,DMK,2019-05-13 19:30:00,2019-05-13 20:30:00,1.0,0.0,1.0,A12,0.0,1204.0,1264.0,A13,arr,dpt,331,0,A12,1204.0,1264.0
332,SQ001,SQ866,9VSNB,B77W,PAX,0.0,HKG,SFO,2019-05-13 11:50:00,2019-05-13 13:05:00,1.0,0.0,1.0,A10,1.0,744.0,819.0,A4,arr,dpt,332,0,A10,744.0,819.0
333,SQ865,SQ865,9VSNB,B77W,PAX,0.0,,HKG,2019-05-13 22:40:00,2019-05-13 23:59:00,1.0,0.0,0.0,A12,1.0,1394.0,1473.0,A13,arr,tow,333,0,A12,1394.0,1473.0
334,SQ319,SQ002,9VSWV,B77W,PAX,0.0,SFO,LHR,2019-05-13 16:55:00,2019-05-13 18:30:00,1.0,0.0,1.0,B5,1.0,1049.0,1144.0,A11,arr,dpt,334,0,B5,1049.0,1144.0
335,SQ011,SQ241,9VSWU,B77W,PAX,0.0,SYD,LAX,2019-05-13 02:10:00,2019-05-13 07:10:00,1.0,0.0,1.0,A10,1.0,164.0,464.0,A5,arr,dpt,335,0,A10,164.0,464.0
336,SQ495,SQ012,9VSWW,B77W,PAX,0.0,LAX,DXB,2019-05-13 07:30:00,2019-05-13 09:25:00,1.0,0.0,1.0,B9,1.0,484.0,599.0,B8,arr,dpt,336,0,B9,484.0,599.0
337,SQ021,SQ021,9VSGA,A359,PAX,0.0,,EWR,2019-05-13 17:10:00,2019-05-13 23:59:00,1.0,1.0,0.0,466,1.0,1064.0,1473.0,A3,arr,tow,337,0,466,1064.0,1473.0
338,SQ037,SQ022,9VSGB,A359,PAX,0.0,EWR,LAX,2019-05-13 08:15:00,2019-05-13 23:35:00,1.0,0.0,1.0,A17,1.0,529.0,1449.0,B10,arr,dpt,338,0,A17,529.0,1449.0
339,SQ025,SQ025,9VSKR,A388,PAX,0.0,,JFK,2019-05-13 06:50:00,2019-05-13 23:59:00,1.0,1.0,0.0,463,1.0,444.0,1473.0,A2,arr,tow,339,0,463,444.0,1473.0
340,SQ232,SQ026,9VSKN,A388,PAX,0.0,JFK,SYD,2019-05-13 17:30:00,2019-05-13 23:55:00,1.0,0.0,1.0,A4,1.0,1084.0,1469.0,B2,arr,dpt,340,0,A4,1084.0,1469.0
341,SQ031,SQ031,9VSMQ,A359,PAX,0.0,,SFO,2019-05-13 19:10:00,2019-05-13 23:59:00,1.0,1.0,0.0,401,1.0,1184.0,1473.0,F31,arr,tow,341,0,401,1184.0,1473.0
342,SQ032,SQ032,9VSMN,A359,PAX,0.0,SFO,,2019-05-13 00:00:00,2019-05-13 09:25:00,1.0,0.0,1.0,A3,1.0,34.0,599.0,C20,arr,dpt,342,0,A3,34.0,599.0
343,SQ035,SQ035,9VSGC,A359,PAX,0.0,,LAX,2019-05-13 19:10:00,2019-05-13 23:59:00,1.0,1.0,0.0,300,1.0,1184.0,1473.0,E12,arr,tow,343,0,300,1184.0,1473.0
344,SQ038,SQ038,9VSGD,A359,PAX,0.0,LAX,,2019-05-13 00:00:00,2019-05-13 18:55:00,1.0,0.0,0.0,302,1.0,34.0,1169.0,C20,arr,tow,344,0,302,34.0,1169.0
345,SQ038,SQ038,9VSGD,A359,PAX,0.0,LAX,,2019-05-13 18:55:00,2019-05-13 20:55:00,0.0,0.0,1.0,B10,1.0,1169.0,1289.0,C20,tow,dpt,345,0,B10,1169.0,1289.0
346,SQ051,SQ956,9VSMK,A359,PAX,0.0,CGK,IAH,2019-05-13 07:40:00,2019-05-13 09:25:00,1.0,0.0,1.0,E3,1.0,494.0,599.0,F56,arr,dpt,346,0,E3,494.0,599.0
347,SQ957,SQ962,9VSMK,A359,PAX,0.0,CGK,CGK,2019-05-13 14:05:00,2019-05-13 16:25:00,1.0,0.0,1.0,E28,1.0,879.0,1019.0,E22,arr,dpt,347,0,E28,879.0,1019.0
348,SQ963,SQ963,9VSMK,A359,PAX,0.0,,CGK,2019-05-13 20:55:00,2019-05-13 23:59:00,1.0,0.0,0.0,B1,1.0,1289.0,1473.0,F60,arr,tow,348,0,B1,1289.0,1473.0
349,SQ517,SQ106,9VSSE,A333,PAX,0.0,KUL,CCU,2019-05-13 06:40:00,2019-05-13 08:30:00,1.0,0.0,1.0,F41,1.0,434.0,544.0,F40,arr,dpt,349,0,F41,434.0,544.0
350,SQ107,SQ108,9VSSE,A333,PAX,0.0,KUL,KUL,2019-05-13 11:35:00,2019-05-13 12:45:00,1.0,0.0,1.0,F34,1.0,729.0,799.0,E20,arr,dpt,350,0,F34,729.0,799.0
351,SQ109,SQ112,9VSSE,A333,PAX,0.0,KUL,KUL,2019-05-13 15:30:00,2019-05-13 16:20:00,1.0,0.0,1.0,F34,1.0,964.0,1014.0,F41,arr,dpt,351,0,F34,964.0,1014.0
352,SQ113,SQ516,9VSSE,A333,PAX,0.0,CCU,KUL,2019-05-13 19:10:00,2019-05-13 21:00:00,1.0,0.0,1.0,B7,1.0,1184.0,1294.0,A11,arr,dpt,352,0,B7,1184.0,1294.0
353,SQ256,SQ116,9VSHC,A359,PAX,0.0,KUL,BNE,2019-05-13 15:30:00,2019-05-13 16:45:00,1.0,0.0,1.0,E26,1.0,964.0,1039.0,F60,arr,dpt,353,0,E26,964.0,1039.0
354,SQ117,SQ235,9VSHC,A359,PAX,0.0,BNE,KUL,2019-05-13 19:50:00,2019-05-13 21:30:00,1.0,0.0,1.0,A15,1.0,1224.0,1324.0,B3,arr,dpt,354,0,A15,1224.0,1324.0
355,SQ178,SQ178,9VSTC,A333,PAX,0.0,SGN,,2019-05-13 00:00:00,2019-05-13 09:45:00,1.0,0.0,1.0,F31,1.0,34.0,619.0,F34,arr,dpt,355,0,F31,34.0,619.0
356,SQ177,SQ118,9VSTC,A333,PAX,0.0,KUL,SGN,2019-05-13 15:30:00,2019-05-13 18:45:00,1.0,0.0,1.0,E24,1.0,964.0,1159.0,F34,arr,dpt,356,0,E24,964.0,1159.0
357,SQ119,SQ119,9VSTC,A333,PAX,0.0,,KUL,2019-05-13 21:50:00,2019-05-13 23:59:00,1.0,0.0,0.0,A15,1.0,1344.0,1473.0,E3,arr,tow,357,0,A15,1344.0,1473.0
358,SQ531,SQ176,9VSSI,A333,PAX,0.0,HAN,AMD,2019-05-13 07:10:00,2019-05-13 09:20:00,1.0,0.0,1.0,E20,1.0,464.0,594.0,E5,arr,dpt,358,0,E20,464.0,594.0
359,SQ175,SQ918,9VSSI,A333,PAX,0.0,MNL,HAN,2019-05-13 17:05:00,2019-05-13 19:25:00,1.0,0.0,1.0,E26,1.0,1059.0,1199.0,E5,arr,dpt,359,0,E26,1059.0,1199.0
360,SQ182,SQ182,9VSYF,B773,PAX,0.0,BWN,,2019-05-13 00:00:00,2019-05-13 06:40:00,1.0,0.0,0.0,B9,1.0,34.0,434.0,E26,arr,tow,360,0,B9,34.0,434.0
361,SQ182,SQ182,9VSYF,B773,PAX,0.0,BWN,,2019-05-13 06:40:00,2019-05-13 08:40:00,0.0,0.0,1.0,E4,1.0,434.0,554.0,E26,tow,dpt,361,0,E4,434.0,554.0
362,SQ181,SQ181,9VSYF,B773,PAX,0.0,,BWN,2019-05-13 14:05:00,2019-05-13 23:59:00,1.0,1.0,0.0,200,1.0,879.0,1473.0,B2,arr,tow,362,0,200,879.0,1473.0
363,SQ469,SQ184,9VSTW,A333,PAX,0.0,SGN,CMB,2019-05-13 07:20:00,2019-05-13 11:30:00,1.0,0.0,0.0,D41,1.0,474.0,724.0,A9,arr,tow,363,0,D41,474.0,724.0
364,SQ469,SQ184,9VSTW,A333,PAX,0.0,SGN,CMB,2019-05-13 11:30:00,2019-05-13 13:30:00,0.0,0.0,1.0,F42,1.0,724.0,844.0,A9,tow,dpt,364,0,F42,724.0,844.0
365,SQ183,SQ446,9VSTW,A333,PAX,0.0,DAC,SGN,2019-05-13 18:55:00,2019-05-13 20:35:00,1.0,0.0,1.0,F40,1.0,1169.0,1269.0,E3,arr,dpt,365,0,F40,1169.0,1269.0
366,SQ656,SQ656,9VSCJ,B78X,PAX,0.0,FUK,,2019-05-13 00:00:00,2019-05-13 01:26:00,1.0,0.0,1.0,A15,1.0,34.0,120.0,A12,arr,dpt,366,0,A15,34.0,120.0
367,SQ655,SQ186,9VSCJ,B78X,PAX,0.0,SGN,FUK,2019-05-13 15:20:00,2019-05-13 17:25:00,1.0,0.0,1.0,E5,1.0,954.0,1079.0,F31,arr,dpt,367,0,E5,954.0,1079.0
368,SQ185,SQ185,9VSCJ,B78X,PAX,0.0,,SGN,2019-05-13 22:40:00,2019-05-13 23:59:00,1.0,0.0,0.0,C20,1.0,1394.0,1473.0,A11,arr,tow,368,0,C20,1394.0,1473.0
369,SQ930,SQ930,9VSSG,A333,PAX,0.0,SUB,,2019-05-13 00:00:00,2019-05-13 05:50:00,1.0,0.0,0.0,B3,1.0,34.0,384.0,F41,arr,tow,369,0,B3,34.0,384.0
370,SQ930,SQ930,9VSSG,A333,PAX,0.0,SUB,,2019-05-13 05:50:00,2019-05-13 07:50:00,0.0,0.0,1.0,E12,1.0,384.0,504.0,F41,tow,dpt,370,0,E12,384.0,504.0
371,SQ931,SQ188,9VSSG,A333,PAX,0.0,HAN,SUB,2019-05-13 13:30:00,2019-05-13 15:15:00,1.0,0.0,1.0,F31,1.0,844.0,949.0,E20,arr,dpt,371,0,F31,844.0,949.0
372,SQ187,SQ187,9VSSG,A333,PAX,0.0,,HAN,2019-05-13 23:00:00,2019-05-13 23:59:00,1.0,0.0,0.0,E20,1.0,1414.0,1473.0,E28,arr,tow,372,0,E20,1414.0,1473.0
373,SQ246,SQ207,9VSML,A359,PAX,0.0,MEL,BNE,2019-05-13 05:45:00,2019-05-13 07:45:00,1.0,0.0,1.0,A1,1.0,379.0,499.0,B1,arr,dpt,373,0,A1,379.0,499.0
374,SQ208,SQ422,9VSMH,A359,PAX,0.0,BOM,MEL,2019-05-12 23:57:00,2019-05-13 05:40:00,1.0,0.0,0.0,E28,1.0,31.0,374.0,E12,arr,tow,374,0,E28,31.0,374.0
375,SQ208,SQ422,9VSMH,A359,PAX,0.0,BOM,MEL,2019-05-13 05:40:00,2019-05-13 07:40:00,0.0,0.0,1.0,A17,1.0,374.0,494.0,E12,tow,dpt,375,0,A17,374.0,494.0
376,SQ421,SQ421,9VSMH,A359,PAX,0.0,,BOM,2019-05-13 19:50:00,2019-05-13 23:59:00,1.0,0.0,0.0,B3,1.0,1224.0,1473.0,F54,arr,tow,376,0,B3,1224.0,1473.0
377,SQ351,SQ211,9VSWT,B77W,PAX,0.0,SYD,CPH,2019-05-13 06:20:00,2019-05-13 09:35:00,1.0,0.0,1.0,B6,1.0,414.0,609.0,B5,arr,dpt,377,0,B6,414.0,609.0
378,SQ212,SQ212,9VSWP,B77W,PAX,0.0,,SYD,2019-05-13 14:15:00,2019-05-13 23:59:00,1.0,1.0,0.0,461,1.0,889.0,1473.0,A14,arr,tow,378,0,461,889.0,1473.0
379,SQ213,SQ213,9VSVN,B772,PAX,0.0,PER,,2019-05-13 00:00:00,2019-05-13 07:40:00,1.0,0.0,1.0,A21,1.0,34.0,494.0,B10,arr,dpt,379,0,A21,34.0,494.0
380,SQ226,SQ226,9VSVN,B772,PAX,0.0,,PER,2019-05-13 19:35:00,2019-05-13 23:59:00,1.0,0.0,0.0,A20,1.0,1209.0,1473.0,F33,arr,tow,380,0,A20,1209.0,1473.0
381,SQ223,SQ223,9VSTQ,A333,PAX,0.0,PER,,2019-05-13 00:00:00,2019-05-13 09:30:00,1.0,0.0,1.0,A18,1.0,34.0,604.0,A11,arr,dpt,381,0,A18,34.0,604.0
382,SQ214,SQ214,9VSTQ,A333,PAX,0.0,,PER,2019-05-13 22:35:00,2019-05-13 23:59:00,1.0,0.0,0.0,A21,1.0,1389.0,1473.0,A20,arr,tow,382,0,A21,1389.0,1473.0
383,SQ672,SQ672,9VSCK,B78X,PAX,0.0,NGO,,2019-05-13 00:00:00,2019-05-13 01:15:00,1.0,0.0,1.0,A11,1.0,34.0,109.0,B4,arr,dpt,383,0,A11,34.0,109.0
384,SQ671,SQ215,9VSCK,B78X,PAX,0.0,PER,NGO,2019-05-13 16:20:00,2019-05-13 18:45:00,1.0,0.0,1.0,B7,1.0,1014.0,1159.0,A17,arr,dpt,384,0,B7,1014.0,1159.0
385,SQ216,SQ942,9VSCE,B78X,PAX,0.0,DPS,PER,2019-05-13 06:35:00,2019-05-13 09:15:00,1.0,0.0,1.0,F40,1.0,429.0,589.0,E11,arr,dpt,385,0,F40,429.0,589.0
386,SQ943,SQ982,9VSCE,B78X,PAX,0.0,BKK,DPS,2019-05-13 15:50:00,2019-05-13 17:30:00,1.0,0.0,1.0,F40,1.0,984.0,1084.0,E11,arr,dpt,386,0,F40,984.0,1084.0
387,SQ983,SQ983,9VSCE,B78X,PAX,0.0,,BKK,2019-05-13 23:30:00,2019-05-13 23:59:00,1.0,0.0,0.0,B8,1.0,1444.0,1473.0,B10,arr,tow,387,0,B8,1444.0,1473.0
388,SQ639,SQ217,9VSWO,B77W,PAX,0.0,MEL,HND,2019-05-13 08:25:00,2019-05-13 11:00:00,1.0,0.0,1.0,B8,1.0,539.0,694.0,A14,arr,dpt,388,0,B8,539.0,694.0
389,SQ218,SQ218,9VSWS,B77W,PAX,0.0,,MEL,2019-05-13 06:00:00,2019-05-13 23:59:00,1.0,1.0,0.0,468,1.0,394.0,1473.0,B4,arr,tow,389,0,468,394.0,1473.0
390,SQ345,SQ221,9VSKY,A388,PAX,0.0,SYD,ZRH,2019-05-13 05:55:00,2019-05-13 20:20:00,1.0,0.0,1.0,A2,1.0,389.0,1254.0,B7,arr,dpt,390,0,A2,389.0,1254.0
391,SQ231,SQ231,9VSKI,A388,PAX,0.0,SYD,,2019-05-13 00:00:00,2019-05-13 00:46:00,1.0,0.0,1.0,A2,1.0,34.0,80.0,B5,arr,dpt,391,0,A2,34.0,80.0
392,SQ222,SQ638,9VSKI,A388,PAX,0.0,NRT,SYD,2019-05-13 21:20:00,2019-05-13 23:55:00,1.0,0.0,1.0,B7,1.0,1314.0,1469.0,A4,arr,dpt,392,0,B7,1314.0,1469.0
393,SQ225,SQ225,9VSQN,B772,PAX,0.0,PER,,2019-05-13 00:00:00,2019-05-13 00:15:00,1.0,0.0,1.0,A9,1.0,34.0,49.0,A9,arr,dpt,393,0,A9,34.0,49.0
394,SQ224,SQ502,9VSQN,B772,PAX,0.0,BLR,PER,2019-05-13 11:45:00,2019-05-13 20:05:00,1.0,0.0,1.0,A5,1.0,739.0,1239.0,A20,arr,dpt,394,0,A5,739.0,1239.0
395,SQ631,SQ227,9VSWR,B77W,PAX,0.0,MEL,HND,2019-05-13 15:15:00,2019-05-13 22:00:00,1.0,0.0,1.0,A11,1.0,949.0,1354.0,B4,arr,dpt,395,0,A11,949.0,1354.0
396,SQ237,SQ237,9VSWK,B77W,PAX,0.0,MEL,,2019-05-13 00:00:00,2019-05-13 00:27:00,1.0,0.0,1.0,B7,1.0,34.0,61.0,A14,arr,dpt,396,0,B7,34.0,61.0
397,SQ228,SQ228,9VSWK,B77W,PAX,0.0,,MEL,2019-05-13 21:30:00,2019-05-13 23:59:00,1.0,0.0,0.0,A5,1.0,1324.0,1473.0,F41,arr,tow,397,0,A5,1324.0,1473.0
398,SQ255,SQ255,9VSHA,A359,PAX,0.0,BNE,,2019-05-13 00:00:00,2019-05-13 00:48:00,1.0,0.0,1.0,A10,1.0,34.0,82.0,B3,arr,dpt,398,0,A10,34.0,82.0
399,SQ236,SQ279,9VSHA,A359,PAX,0.0,ADL,BNE,2019-05-13 20:45:00,2019-05-13 23:10:00,1.0,0.0,1.0,A14,1.0,1279.0,1424.0,A3,arr,dpt,399,0,A14,1279.0,1424.0
400,SQ238,SQ806,9VSWI,B77W,PAX,0.0,PEK,MEL,2019-05-13 15:25:00,2019-05-13 16:50:00,1.0,0.0,1.0,B10,1.0,959.0,1044.0,A4,arr,dpt,400,0,B10,959.0,1044.0
401,SQ242,SQ612,9VSNA,B77W,PAX,0.0,ICN,SYD,2019-05-13 00:23:00,2019-05-13 02:25:00,1.0,0.0,1.0,A12,1.0,57.0,179.0,B6,arr,dpt,401,0,A12,57.0,179.0
402,SQ611,SQ611,9VSNA,B77W,PAX,0.0,,ICN,2019-05-13 16:55:00,2019-05-13 23:59:00,1.0,1.0,0.0,203,1.0,1049.0,1473.0,A2,arr,tow,402,0,203,1049.0,1473.0
403,SQ323,SQ245,9VSMT,A359,PAX,0.0,BNE,AMS,2019-05-13 05:55:00,2019-05-13 09:40:00,1.0,0.0,1.0,A15,1.0,389.0,614.0,A1,arr,dpt,403,0,A15,389.0,614.0
404,SQ503,SQ890,9VSQM,B772,PAX,0.0,HKG,BLR,2019-05-13 06:10:00,2019-05-13 07:30:00,1.0,0.0,1.0,A13,1.0,404.0,484.0,A15,arr,dpt,404,0,A13,404.0,484.0
405,SQ891,SQ247,9VSQM,B772,PAX,0.0,WLG,HKG,2019-05-13 16:20:00,2019-05-13 19:45:00,1.0,0.0,1.0,A16,1.0,1014.0,1219.0,A9,arr,dpt,405,0,A16,1014.0,1219.0
406,SQ265,SQ265,9VSHD,A359,PAX,0.0,BNE,,2019-05-13 00:00:00,2019-05-13 05:20:00,1.0,0.0,0.0,C20,1.0,34.0,354.0,A11,arr,tow,406,0,C20,34.0,354.0
407,SQ265,SQ265,9VSHD,A359,PAX,0.0,BNE,,2019-05-13 05:20:00,2019-05-13 07:20:00,0.0,0.0,1.0,B4,1.0,354.0,474.0,A11,tow,dpt,407,0,B4,354.0,474.0
408,SQ266,SQ600,9VSHE,A359,PAX,0.0,ICN,BNE,2019-05-13 00:03:00,2019-05-13 06:00:00,1.0,0.0,0.0,F42,1.0,37.0,394.0,A15,arr,tow,408,0,F42,37.0,394.0
409,SQ266,SQ600,9VSHE,A359,PAX,0.0,ICN,BNE,2019-05-13 06:00:00,2019-05-13 08:00:00,0.0,0.0,1.0,A12,1.0,394.0,514.0,A15,tow,dpt,409,0,A12,394.0,514.0
410,SQ609,SQ609,9VSHE,A359,PAX,0.0,,ICN,2019-05-13 22:05:00,2019-05-13 23:59:00,1.0,0.0,0.0,A3,1.0,1359.0,1473.0,B3,arr,tow,410,0,A3,1359.0,1473.0
411,SQ278,SQ964,9VSHB,A359,PAX,0.0,CGK,ADL,2019-05-13 15:10:00,2019-05-13 17:20:00,1.0,0.0,1.0,F59,1.0,944.0,1074.0,E3,arr,dpt,411,0,F59,944.0,1074.0
412,SQ965,SQ965,9VSHB,A359,PAX,0.0,,CGK,2019-05-13 21:50:00,2019-05-13 23:59:00,1.0,0.0,0.0,A2,1.0,1344.0,1473.0,F50,arr,tow,412,0,A2,1344.0,1473.0
413,SQ325,SQ285,9VSWD,B77W,PAX,0.0,AKL,FRA,2019-05-13 16:25:00,2019-05-13 22:45:00,1.0,0.0,1.0,B2,1.0,1019.0,1399.0,B10,arr,dpt,413,0,B2,1019.0,1399.0
414,SQ286,SQ352,9VSWF,B77W,PAX,0.0,CPH,AKL,2019-05-13 21:00:00,2019-05-13 23:50:00,1.0,0.0,1.0,A13,1.0,1294.0,1464.0,C1,arr,dpt,414,0,A13,1294.0,1464.0
415,SQ825,SQ288,9VSWQ,B77W,PAX,0.0,CBR,PVG,2019-05-13 05:55:00,2019-05-13 08:30:00,1.0,0.0,0.0,C20,1.0,389.0,544.0,A12,arr,tow,415,0,C20,389.0,544.0
416,SQ825,SQ288,9VSWQ,B77W,PAX,0.0,CBR,PVG,2019-05-13 08:30:00,2019-05-13 10:30:00,0.0,0.0,1.0,A13,1.0,544.0,664.0,A12,tow,dpt,416,0,A13,544.0,664.0
417,SQ288,SQ952,9VSWH,B77W,PAX,0.0,CGK,SYD,2019-05-13 05:15:00,2019-05-13 07:40:00,1.0,0.0,1.0,E26,1.0,349.0,494.0,F58,arr,dpt,417,0,E26,349.0,494.0
418,SQ955,SQ634,9VSWH,B77W,PAX,0.0,HND,CGK,2019-05-13 12:15:00,2019-05-13 13:55:00,1.0,0.0,1.0,A14,1.0,769.0,869.0,A14,arr,dpt,418,0,A14,769.0,869.0
419,SQ337,SQ860,9VSME,A359,PAX,0.0,HKG,DUS,2019-05-13 06:20:00,2019-05-13 08:40:00,1.0,0.0,1.0,B7,1.0,414.0,554.0,A3,arr,dpt,419,0,B7,414.0,554.0
420,SQ863,SQ297,9VSME,A359,PAX,0.0,CHC,HKG,2019-05-13 18:20:00,2019-05-13 19:50:00,1.0,0.0,1.0,B4,1.0,1134.0,1224.0,A4,arr,dpt,420,0,B4,1134.0,1224.0
421,SQ298,SQ338,9VSMG,A359,PAX,0.0,DUS,CHC,2019-05-13 17:40:00,2019-05-13 23:30:00,1.0,0.0,1.0,A1,1.0,1094.0,1444.0,B1,arr,dpt,421,0,A1,1094.0,1444.0
422,SQ305,SQ494,9VSWY,B77W,PAX,0.0,DXB,LHR,2019-05-13 05:30:00,2019-05-13 15:10:00,1.0,0.0,1.0,B5,1.0,364.0,944.0,C1,arr,dpt,422,0,B5,364.0,944.0
423,SQ306,SQ306,9VSWJ,B77W,PAX,0.0,LHR,,2019-05-13 00:00:00,2019-05-13 01:17:00,1.0,0.0,1.0,A13,1.0,34.0,111.0,A13,arr,dpt,423,0,A13,34.0,111.0
424,SQ335,SQ308,9VSKP,A388,PAX,0.0,LHR,CDG,2019-05-13 06:50:00,2019-05-13 09:00:00,1.0,0.0,1.0,A5,1.0,444.0,574.0,B7,arr,dpt,424,0,A5,444.0,574.0
425,SQ317,SQ856,9VSKU,A388,PAX,0.0,HKG,LHR,2019-05-13 07:30:00,2019-05-13 09:55:00,1.0,0.0,1.0,A10,1.0,484.0,629.0,A5,arr,dpt,425,0,A10,484.0,629.0
426,SQ861,SQ322,9VSKU,A388,PAX,0.0,LHR,HKG,2019-05-13 19:35:00,2019-05-13 23:30:00,1.0,0.0,1.0,A10,1.0,1209.0,1444.0,A5,arr,dpt,426,0,A10,1209.0,1444.0
427,SQ318,SQ318,9VSWA,B77W,PAX,0.0,LHR,,2019-05-13 00:00:00,2019-05-13 10:35:00,1.0,0.0,0.0,401,1.0,34.0,669.0,B4,arr,tow,427,0,401,34.0,669.0
428,SQ318,SQ318,9VSWA,B77W,PAX,0.0,LHR,,2019-05-13 10:35:00,2019-05-13 12:35:00,0.0,0.0,1.0,B2,1.0,669.0,789.0,B4,tow,dpt,428,0,B2,669.0,789.0
429,SQ321,SQ321,9VSKJ,A388,PAX,0.0,,LHR,2019-05-13 18:10:00,2019-05-13 23:59:00,1.0,1.0,0.0,462,1.0,1124.0,1473.0,F42,arr,tow,429,0,462,1124.0,1473.0
430,SQ481,SQ324,9VSMI,A359,PAX,0.0,AMS,JNB,2019-05-13 14:55:00,2019-05-13 23:55:00,1.0,0.0,1.0,B9,1.0,929.0,1469.0,A1,arr,dpt,430,0,B9,929.0,1469.0
431,SQ635,SQ326,9VSWM,B77W,PAX,0.0,FRA,HND,2019-05-13 04:55:00,2019-05-13 05:55:00,1.0,0.0,0.0,B7,1.0,329.0,389.0,B8,arr,tow,431,0,B7,329.0,389.0
432,SQ635,SQ326,9VSWM,B77W,PAX,0.0,FRA,HND,2019-05-13 05:55:00,2019-05-13 11:55:00,0.0,1.0,0.0,206,1.0,389.0,749.0,B8,tow,tow,432,0,206,389.0,749.0
433,SQ635,SQ326,9VSWM,B77W,PAX,0.0,FRA,HND,2019-05-13 11:55:00,2019-05-13 13:55:00,0.0,0.0,1.0,B8,1.0,749.0,869.0,B8,tow,dpt,433,0,B8,749.0,869.0
434,SQ327,SQ327,9VSMD,A359,PAX,0.0,,MUC,2019-05-13 07:00:00,2019-05-13 23:59:00,1.0,1.0,0.0,202,1.0,454.0,1473.0,B3,arr,tow,434,0,202,454.0,1473.0
435,SQ328,SQ328,9VSMJ,A359,PAX,0.0,MUC,,2019-05-13 00:00:00,2019-05-13 00:40:00,1.0,0.0,1.0,B1,1.0,34.0,74.0,A3,arr,dpt,435,0,B1,34.0,74.0
436,SQ336,SQ336,9VSKL,A388,PAX,0.0,CDG,,2019-05-13 00:00:00,2019-05-13 00:25:00,1.0,0.0,1.0,B5,1.0,34.0,59.0,B7,arr,dpt,436,0,B5,34.0,59.0
437,SQ346,SQ346,9VSKW,A388,PAX,0.0,ZRH,,2019-05-13 00:00:00,2019-05-13 01:32:00,1.0,0.0,1.0,A5,1.0,34.0,126.0,A10,arr,dpt,437,0,A5,34.0,126.0
438,SQ362,SQ362,9VSMB,A359,PAX,0.0,ARN,,2019-05-13 00:00:00,2019-05-13 00:27:00,1.0,0.0,1.0,B2,1.0,34.0,61.0,B1,arr,dpt,438,0,B2,34.0,61.0
439,SQ365,SQ365,9VSMC,A359,PAX,0.0,,FCO,2019-05-13 06:00:00,2019-05-13 23:59:00,1.0,1.0,0.0,467,1.0,394.0,1473.0,F54,arr,tow,439,0,467,394.0,1473.0
440,SQ366,SQ366,9VSMF,A359,PAX,0.0,FCO,,2019-05-13 00:00:00,2019-05-13 01:28:00,1.0,0.0,1.0,A1,1.0,34.0,122.0,A2,arr,dpt,440,1,A1,34.0,124.0
441,SQ377,SQ377,9VSMR,A359,PAX,0.0,,BCN,2019-05-13 07:00:00,2019-05-13 23:59:00,1.0,1.0,0.0,201,1.0,454.0,1473.0,E12,arr,tow,441,0,201,454.0,1473.0
442,SQ391,SQ8871,9VSVM,B772,PAX,0.0,A/T,IST,2019-05-13 05:00:00,2019-05-13 08:00:00,1.0,0.0,1.0,A19,1.0,334.0,514.0,A20,arr,dpt,442,0,A19,334.0,514.0
443,SQ8871,SQ968,9VSVM,B772,CRW,0.0,CGK,A/T,2019-05-13 12:00:00,2019-05-13 19:55:00,1.0,0.0,0.0,A18,1.0,754.0,1229.0,508,arr,tow,443,0,A18,754.0,1229.0
444,SQ8871,SQ968,9VSVM,B772,CRW,0.0,CGK,A/T,2019-05-13 19:55:00,2019-05-13 21:55:00,0.0,0.0,1.0,E26,1.0,1229.0,1349.0,508,tow,dpt,444,0,E26,1229.0,1349.0
445,SQ392,SQ392,9VSVC,B772,PAX,0.0,IST,,2019-05-13 00:00:00,2019-05-13 01:41:00,1.0,0.0,1.0,A19,1.0,34.0,135.0,C22,arr,dpt,445,0,A19,34.0,135.0
446,SQ981,SQ402,9VSCH,B78X,PAX,0.0,DEL,BKK,2019-05-13 00:13:00,2019-05-13 02:35:00,1.0,0.0,1.0,A14,1.0,47.0,189.0,A11,arr,dpt,446,0,A14,47.0,189.0
447,SQ401,SQ401,9VSCH,B78X,PAX,0.0,,DEL,2019-05-13 17:25:00,2019-05-13 23:59:00,1.0,1.0,0.0,206,1.0,1079.0,1473.0,A16,arr,tow,447,0,206,1079.0,1473.0
448,SQ403,SQ802,9VSKG,A388,PAX,0.0,PEK,DEL,2019-05-13 06:10:00,2019-05-13 08:30:00,1.0,0.0,1.0,B2,1.0,404.0,544.0,B2,arr,dpt,448,0,B2,404.0,544.0
449,SQ807,SQ807,9VSKG,A388,PAX,0.0,,PEK,2019-05-13 23:00:00,2019-05-13 23:59:00,1.0,0.0,0.0,F60,1.0,1414.0,1473.0,B7,arr,tow,449,0,F60,1414.0,1473.0
450,SQ423,SQ406,9VSKK,A388,PAX,0.0,DEL,BOM,2019-05-13 07:40:00,2019-05-13 16:50:00,1.0,0.0,1.0,B4,1.0,494.0,1044.0,A10,arr,dpt,450,0,B4,494.0,1044.0
451,SQ637,SQ424,9VSKF,A388,PAX,0.0,BOM,NRT,2019-05-13 17:20:00,2019-05-13 19:00:00,1.0,0.0,1.0,A10,1.0,1074.0,1174.0,A10,arr,dpt,451,0,A10,1074.0,1174.0
452,SQ425,SQ910,9VSYH,B773,PAX,0.0,MNL,BOM,2019-05-13 06:50:00,2019-05-13 09:30:00,1.0,0.0,1.0,E11,1.0,444.0,604.0,F42,arr,dpt,452,0,E11,444.0,604.0
453,SQ917,SQ917,9VSYH,B773,PAX,0.0,,MNL,2019-05-13 17:55:00,2019-05-13 23:59:00,1.0,1.0,0.0,465,1.0,1109.0,1473.0,A14,arr,tow,453,0,465,1109.0,1473.0
454,SQ447,SQ938,9VSSF,A333,PAX,0.0,DPS,DAC,2019-05-13 06:05:00,2019-05-13 08:20:00,1.0,0.0,1.0,E28,1.0,399.0,534.0,F60,arr,dpt,454,0,E28,399.0,534.0
455,SQ939,SQ939,9VSSF,A333,PAX,0.0,,DPS,2019-05-13 14:35:00,2019-05-13 23:59:00,1.0,1.0,0.0,400,1.0,909.0,1473.0,A19,arr,tow,455,0,400,909.0,1473.0
456,SQ451,SQ876,9VSSB,A333,PAX,0.0,TPE,MLE,2019-05-13 07:10:00,2019-05-13 08:20:00,1.0,0.0,1.0,A9,1.0,464.0,534.0,A16,arr,dpt,456,0,A9,464.0,534.0
457,SQ877,SQ468,9VSSB,A333,PAX,0.0,CMB,TPE,2019-05-13 18:55:00,2019-05-13 22:20:00,1.0,0.0,1.0,E12,1.0,1169.0,1374.0,F58,arr,dpt,457,0,E12,1169.0,1374.0
458,SQ850,SQ850,9VSTU,A333,PAX,0.0,CAN,,2019-05-13 00:00:00,2019-05-13 06:20:00,1.0,0.0,0.0,C1,1.0,34.0,414.0,A21,arr,tow,458,0,C1,34.0,414.0
459,SQ850,SQ850,9VSTU,A333,PAX,0.0,CAN,,2019-05-13 06:20:00,2019-05-13 08:20:00,0.0,0.0,1.0,B3,1.0,414.0,534.0,A21,tow,dpt,459,0,B3,414.0,534.0
460,SQ851,SQ452,9VSTU,A333,PAX,0.0,MLE,CAN,2019-05-13 17:30:00,2019-05-13 20:45:00,1.0,0.0,1.0,F42,1.0,1084.0,1279.0,F50,arr,dpt,460,0,F42,1084.0,1279.0
461,SQ478,SQ478,9VSMM,A359,PAX,0.0,CPT,,2019-05-13 00:00:00,2019-05-13 01:24:00,1.0,0.0,1.0,A17,1.0,34.0,118.0,B8,arr,dpt,461,0,A17,34.0,118.0
462,SQ479,SQ632,9VSMA,A359,PAX,0.0,HND,CPT,2019-05-13 06:10:00,2019-05-13 08:00:00,1.0,0.0,1.0,A14,1.0,404.0,514.0,B6,arr,dpt,462,0,A14,404.0,514.0
463,SQ633,SQ633,9VSMA,A359,PAX,0.0,,HND,2019-05-13 23:05:00,2019-05-13 23:59:00,1.0,0.0,0.0,B10,1.0,1419.0,1473.0,A15,arr,tow,463,0,B10,1419.0,1473.0
464,SQ528,SQ528,9VSSH,A333,PAX,0.0,MAA,,2019-05-13 00:00:00,2019-05-13 18:25:00,1.0,0.0,0.0,310,1.0,34.0,1139.0,A19,arr,tow,464,0,310,34.0,1139.0
465,SQ528,SQ528,9VSSH,A333,PAX,0.0,MAA,,2019-05-13 18:25:00,2019-05-13 20:25:00,0.0,0.0,1.0,B8,1.0,1139.0,1259.0,A19,tow,dpt,465,0,B8,1139.0,1259.0
466,SQ529,SQ620,9VSTZ,A333,PAX,0.0,KIX,MAA,2019-05-13 06:10:00,2019-05-13 08:30:00,1.0,0.0,1.0,B10,1.0,404.0,544.0,A18,arr,dpt,466,0,B10,404.0,544.0
467,SQ621,SQ621,9VSTZ,A333,PAX,0.0,,KIX,2019-05-13 23:05:00,2019-05-13 23:59:00,1.0,0.0,0.0,F34,1.0,1419.0,1473.0,A18,arr,tow,467,0,F34,1419.0,1473.0
468,SQ970,SQ970,9VSCA,B78X,PAX,0.0,BKK,,2019-05-13 00:00:00,2019-05-13 07:10:00,1.0,0.0,1.0,F60,1.0,34.0,464.0,E22,arr,dpt,468,0,F60,34.0,464.0
469,SQ973,SQ602,9VSCA,B78X,PAX,0.0,ICN,BKK,2019-05-13 13:05:00,2019-05-13 14:40:00,1.0,0.0,1.0,B2,1.0,819.0,914.0,A12,arr,dpt,469,0,B2,819.0,914.0
470,SQ603,SQ622,9VSCF,B78X,PAX,0.0,KIX,ICN,2019-05-13 05:05:00,2019-05-13 13:55:00,1.0,0.0,1.0,A11,1.0,339.0,869.0,A17,arr,dpt,470,0,A11,339.0,869.0
471,SQ608,SQ608,9VSCG,B78X,PAX,0.0,ICN,,2019-05-13 00:00:00,2019-05-13 00:14:00,1.0,0.0,1.0,B10,1.0,34.0,48.0,A17,arr,dpt,471,0,B10,34.0,48.0
472,SQ607,SQ946,9VSCG,B78X,PAX,0.0,DPS,ICN,2019-05-13 14:20:00,2019-05-13 16:10:00,1.0,0.0,1.0,F54,1.0,894.0,1004.0,E4,arr,dpt,472,0,F54,894.0,1004.0
473,SQ947,SQ947,9VSCG,B78X,PAX,0.0,,DPS,2019-05-13 22:40:00,2019-05-13 23:59:00,1.0,0.0,0.0,B4,1.0,1394.0,1473.0,A17,arr,tow,473,0,B4,1394.0,1473.0
474,SQ618,SQ618,9VSCC,B78X,PAX,0.0,KIX,,2019-05-13 00:00:00,2019-05-13 01:31:00,1.0,0.0,1.0,B4,1.0,34.0,125.0,C20,arr,dpt,474,0,B4,34.0,125.0
475,SQ619,SQ978,9VSCC,B78X,PAX,0.0,BKK,KIX,2019-05-13 16:40:00,2019-05-13 18:30:00,1.0,0.0,1.0,E12,1.0,1034.0,1144.0,E26,arr,dpt,475,0,E12,1034.0,1144.0
476,SQ623,SQ623,9VSCB,B78X,PAX,0.0,,KIX,2019-05-13 04:40:00,2019-05-13 23:59:00,1.0,1.0,0.0,469,1.0,314.0,1473.0,A14,arr,tow,476,0,469,314.0,1473.0
477,SQ630,SQ630,9VSWE,B77W,PAX,0.0,HND,,2019-05-13 00:00:00,2019-05-13 15:05:00,1.0,0.0,0.0,465,1.0,34.0,939.0,B8,arr,tow,477,0,465,34.0,939.0
478,SQ630,SQ630,9VSWE,B77W,PAX,0.0,HND,,2019-05-13 15:05:00,2019-05-13 17:05:00,0.0,0.0,1.0,B6,1.0,939.0,1059.0,B8,tow,dpt,478,0,B6,939.0,1059.0
479,SQ801,SQ828,9VSWB,B77W,PAX,0.0,PVG,PEK,2019-05-13 06:20:00,2019-05-13 08:05:00,1.0,0.0,1.0,B8,1.0,414.0,519.0,A13,arr,dpt,479,0,B8,414.0,519.0
480,SQ831,SQ636,9VSWB,B77W,PAX,0.0,HND,PVG,2019-05-13 19:50:00,2019-05-13 22:50:00,1.0,0.0,1.0,B5,1.0,1224.0,1404.0,A12,arr,dpt,480,0,B5,1224.0,1404.0
481,SQ7183,SQ7183,9VSFQ,B744,CGO,0.0,,KIX,2019-05-13 13:40:00,2019-05-13 23:59:00,1.0,1.0,0.0,506,1.0,854.0,1473.0,507,arr,tow,481,0,506,854.0,1473.0
482,SQ7285,SQ7872,9VSFI,B74Y,CGO,0.0,HKG,MEL,2019-05-13 07:30:00,2019-05-13 21:10:00,1.0,0.0,1.0,510,1.0,484.0,1304.0,509,arr,dpt,482,0,510,484.0,1304.0
483,SQ7367,SQ7367,9VSFP,B74Y,CGO,0.0,,AMS,2019-05-13 21:15:00,2019-05-13 23:59:00,1.0,0.0,0.0,509,1.0,1309.0,1473.0,505,arr,tow,483,0,509,1309.0,1473.0
484,SQ7370,SQ7370,9VSFK,B74Y,CGO,0.0,BRU,,2019-05-13 00:00:00,2019-05-13 03:00:00,1.0,0.0,1.0,512,1.0,34.0,214.0,604,arr,dpt,484,0,512,34.0,214.0
485,SQ7393,SQ7974,9VSFO,B74Y,CGO,0.0,LAX,LHR,2019-05-13 00:53:00,2019-05-13 04:45:00,1.0,0.0,1.0,604,1.0,87.0,319.0,502,arr,dpt,485,0,604,87.0,319.0
486,SQ7979,SQ7979,9VSFM,B744,CGO,0.0,,DFW,2019-05-13 18:15:00,2019-05-13 23:59:00,1.0,1.0,0.0,503,1.0,1129.0,1473.0,503,arr,tow,486,0,503,1129.0,1473.0
487,SQ800,SQ800,9VSWZ,B77W,PAX,0.0,PEK,,2019-05-13 00:00:00,2019-05-13 01:05:00,1.0,0.0,1.0,B6,1.0,34.0,99.0,B10,arr,dpt,487,0,B6,34.0,99.0
488,SQ805,SQ836,9VSWZ,B77W,PAX,0.0,PVG,PEK,2019-05-13 15:20:00,2019-05-13 17:25:00,1.0,0.0,1.0,A12,1.0,954.0,1079.0,B5,arr,dpt,488,0,A12,954.0,1079.0
489,SQ8112,SQ972,9VSSA,A333,PAX,0.0,BKK,PER,2019-05-13 02:30:00,2019-05-13 07:35:00,1.0,0.0,0.0,B1,1.0,184.0,489.0,E20,arr,tow,489,0,B1,184.0,489.0
490,SQ8112,SQ972,9VSSA,A333,PAX,0.0,BKK,PER,2019-05-13 07:35:00,2019-05-13 09:35:00,0.0,0.0,1.0,E5,1.0,489.0,609.0,E20,tow,dpt,490,0,E5,489.0,609.0
491,SQ975,SQ948,9VSSA,A333,PAX,0.0,DPS,BKK,2019-05-13 15:40:00,2019-05-13 18:20:00,1.0,0.0,1.0,F31,1.0,974.0,1134.0,F58,arr,dpt,491,0,F31,974.0,1134.0
492,SQ8121,SQ8121,9VSVE,B772,CHT,0.0,SYD,,2019-05-13 00:00:00,2019-05-13 02:00:00,1.0,0.0,1.0,A20,1.0,34.0,154.0,F58,arr,dpt,492,0,A20,34.0,154.0
493,SQ8122,SQ8122,9VSVE,B772,CHT,0.0,,SYD,2019-05-13 19:15:00,2019-05-13 23:59:00,1.0,1.0,0.0,302,1.0,1189.0,1473.0,F40,arr,tow,493,0,302,1189.0,1473.0
494,SQ826,SQ826,9VSYL,B773,PAX,0.0,PVG,,2019-05-13 00:00:00,2019-05-13 01:15:00,1.0,0.0,1.0,B8,1.0,34.0,109.0,A5,arr,dpt,494,0,B8,34.0,109.0
495,SQ827,SQ960,9VSYL,B773,PAX,0.0,CGK,PVG,2019-05-13 13:25:00,2019-05-13 15:15:00,1.0,0.0,1.0,F56,1.0,839.0,949.0,E5,arr,dpt,495,0,F56,839.0,949.0
496,SQ961,SQ961,9VSYL,B773,PAX,0.0,,CGK,2019-05-13 19:50:00,2019-05-13 23:59:00,1.0,0.0,0.0,B6,1.0,1224.0,1473.0,E11,arr,tow,496,0,B6,1224.0,1473.0
497,SQ830,SQ830,9VSKZ,A388,PAX,0.0,PVG,,2019-05-13 00:00:00,2019-05-13 09:45:00,1.0,0.0,1.0,A4,1.0,34.0,619.0,A4,arr,dpt,497,0,A4,34.0,619.0
498,SQ833,SQ833,9VSKZ,A388,PAX,0.0,,PVG,2019-05-13 22:20:00,2019-05-13 23:59:00,1.0,0.0,0.0,E5,1.0,1374.0,1473.0,A10,arr,tow,498,0,E5,1374.0,1473.0
499,SQ835,SQ832,9VSRM,B772,PAX,0.0,PVG,PVG,2019-05-13 00:23:00,2019-05-13 01:30:00,1.0,0.0,0.0,201,1.0,57.0,124.0,A17,arr,tow,499,0,201,57.0,124.0
500,SQ835,SQ832,9VSRM,B772,PAX,0.0,PVG,PVG,2019-05-13 01:30:00,2019-05-13 10:45:00,0.0,1.0,0.0,466,1.0,124.0,679.0,A17,tow,tow,500,0,466,124.0,679.0
501,SQ835,SQ832,9VSRM,B772,PAX,0.0,PVG,PVG,2019-05-13 10:45:00,2019-05-13 12:45:00,0.0,0.0,1.0,B10,1.0,679.0,799.0,A17,tow,dpt,501,0,B10,679.0,799.0
502,SQ857,SQ868,9VSQL,B772,PAX,0.0,HKG,HKG,2019-05-13 13:00:00,2019-05-13 17:55:00,1.0,0.0,0.0,C1,1.0,814.0,1109.0,A21,arr,tow,502,0,C1,814.0,1109.0
503,SQ857,SQ868,9VSQL,B772,PAX,0.0,HKG,HKG,2019-05-13 17:55:00,2019-05-13 19:55:00,0.0,0.0,1.0,A3,1.0,1109.0,1229.0,A21,tow,dpt,503,0,A3,1109.0,1229.0
504,SQ949,SQ872,9VSTV,A333,PAX,0.0,HKG,DPS,2019-05-13 00:20:00,2019-05-13 12:30:00,1.0,0.0,0.0,400,1.0,54.0,784.0,F50,arr,tow,504,0,400,54.0,784.0
505,SQ949,SQ872,9VSTV,A333,PAX,0.0,HKG,DPS,2019-05-13 12:30:00,2019-05-13 14:30:00,0.0,0.0,1.0,A21,1.0,784.0,904.0,F50,tow,dpt,505,0,A21,784.0,904.0
506,SQ871,SQ871,9VSTV,A333,PAX,0.0,,HKG,2019-05-13 23:55:00,2019-05-13 23:59:00,1.0,0.0,0.0,B5,1.0,1469.0,1473.0,A21,arr,tow,506,0,B5,1469.0,1473.0
507,SQ878,SQ878,9VSSD,A333,PAX,0.0,TPE,,2019-05-13 00:00:00,2019-05-13 09:55:00,1.0,0.0,0.0,200,1.0,34.0,629.0,B2,arr,tow,507,0,200,34.0,629.0
508,SQ878,SQ878,9VSSD,A333,PAX,0.0,TPE,,2019-05-13 09:55:00,2019-05-13 11:55:00,0.0,0.0,1.0,B6,1.0,629.0,749.0,B2,tow,dpt,508,0,B6,629.0,749.0
509,SQ879,SQ879,9VSSD,A333,PAX,0.0,,TPE,2019-05-13 22:10:00,2019-05-13 23:59:00,1.0,0.0,0.0,A16,1.0,1364.0,1473.0,E12,arr,tow,509,0,A16,1364.0,1473.0
510,SQ951,SQ912,9VSVB,B772,PAX,0.0,MNL,CGK,2019-05-13 08:10:00,2019-05-13 12:00:00,1.0,0.0,1.0,E12,1.0,524.0,754.0,E22,arr,dpt,510,0,E12,524.0,754.0
511,SQ919,SQ919,9VSVB,B772,PAX,0.0,,MNL,2019-05-13 20:20:00,2019-05-13 23:59:00,1.0,0.0,0.0,A19,1.0,1254.0,1473.0,A2,arr,tow,511,0,A19,1254.0,1473.0
512,SQ915,SQ974,9VSSC,A333,PAX,0.0,BKK,MNL,2019-05-13 11:20:00,2019-05-13 12:50:00,1.0,0.0,1.0,E3,1.0,714.0,804.0,F60,arr,dpt,512,0,E3,714.0,804.0
513,SQ977,SQ977,9VSSC,A333,PAX,0.0,,BKK,2019-05-13 18:55:00,2019-05-13 23:59:00,1.0,1.0,0.0,310,1.0,1169.0,1473.0,A15,arr,tow,513,0,310,1169.0,1473.0
514,SQ916,SQ916,9VSNC,B77W,PAX,0.0,MNL,,2019-05-13 00:00:00,2019-05-13 11:50:00,1.0,0.0,0.0,461,1.0,34.0,744.0,E28,arr,tow,514,0,461,34.0,744.0
515,SQ916,SQ916,9VSNC,B77W,PAX,0.0,MNL,,2019-05-13 11:50:00,2019-05-13 13:50:00,0.0,0.0,1.0,F41,1.0,744.0,864.0,E28,tow,dpt,515,0,F41,744.0,864.0
516,SQ921,SQ921,9VSNC,B77W,PAX,0.0,,MNL,2019-05-13 22:20:00,2019-05-13 23:59:00,1.0,0.0,0.0,A11,1.0,1374.0,1473.0,A14,arr,tow,516,0,A11,1374.0,1473.0
517,SQ950,SQ950,9VSYI,B773,PAX,0.0,CGK,,2019-05-13 00:00:00,2019-05-13 06:20:00,1.0,0.0,1.0,F41,1.0,34.0,414.0,E5,arr,dpt,517,0,F41,34.0,414.0
518,SQ953,SQ958,9VSYI,B773,PAX,0.0,CGK,CGK,2019-05-13 10:45:00,2019-05-13 12:30:00,1.0,0.0,1.0,F56,1.0,679.0,784.0,E26,arr,dpt,518,0,F56,679.0,784.0
519,SQ959,SQ966,9VSYI,B773,PAX,0.0,CGK,CGK,2019-05-13 17:00:00,2019-05-13 18:30:00,1.0,0.0,1.0,E4,1.0,1054.0,1144.0,F54,arr,dpt,519,0,E4,1054.0,1144.0
520,SQ967,SQ967,9VSYI,B773,PAX,0.0,,CGK,2019-05-13 23:05:00,2019-05-13 23:59:00,1.0,0.0,0.0,B2,1.0,1419.0,1473.0,E26,arr,tow,520,0,B2,1419.0,1473.0
521,SQ998,SQ998,9VSTR,A333,PAX,0.0,RGN,,2019-05-13 00:00:00,2019-05-13 07:55:00,1.0,0.0,1.0,F54,1.0,34.0,509.0,E8,arr,dpt,521,0,F54,34.0,509.0
522,SQ997,SQ976,9VSTR,A333,PAX,0.0,BKK,RGN,2019-05-13 15:10:00,2019-05-13 16:00:00,1.0,0.0,1.0,F42,1.0,944.0,994.0,F42,arr,dpt,522,0,F42,944.0,994.0
523,SQ979,SQ979,9VSTR,A333,PAX,0.0,,BKK,2019-05-13 21:55:00,2019-05-13 23:59:00,1.0,0.0,0.0,A18,1.0,1349.0,1473.0,A19,arr,tow,523,0,A18,1349.0,1473.0
524,SV836,SV837,HZAR12,B789,PAX,0.0,JED,JED,2019-05-13 15:30:00,2019-05-13 17:00:00,1.0,0.0,1.0,A21,1.0,964.0,1054.0,A12,arr,dpt,524,0,A21,964.0,1054.0
525,TG402,TG402,HSTKD,B773,PAX,0.0,BKK,,2019-05-13 00:00:00,2019-05-13 07:40:00,1.0,0.0,1.0,D34,1.0,34.0,494.0,D49,arr,dpt,525,0,D34,34.0,494.0
526,TG413,TG414,HSTKD,B773,PAX,0.0,BKK,BKK,2019-05-13 14:30:00,2019-05-13 15:55:00,1.0,0.0,1.0,C23,1.0,904.0,989.0,C20,arr,dpt,526,0,C23,904.0,989.0
527,TG401,TG401,HSTKD,B773,PAX,0.0,,BKK,2019-05-13 22:55:00,2019-05-13 23:59:00,1.0,0.0,0.0,D32,1.0,1409.0,1473.0,D49,arr,tow,527,0,D32,1409.0,1473.0
528,TG403,TG404,HSTHG,A359,PAX,0.0,BKK,BKK,2019-05-13 11:15:00,2019-05-13 12:25:00,1.0,0.0,1.0,C25,1.0,709.0,779.0,D41,arr,dpt,528,0,C25,709.0,779.0
529,TG407,TG408,HSTJD,B772,PAX,0.0,BKK,BKK,2019-05-13 17:05:00,2019-05-13 18:15:00,1.0,0.0,1.0,C15,1.0,1059.0,1129.0,C18,arr,dpt,529,0,C15,1059.0,1129.0
530,TG409,TG410,HSTHC,A359,PAX,0.0,BKK,BKK,2019-05-13 19:40:00,2019-05-13 20:50:00,1.0,0.0,1.0,C15,1.0,1214.0,1284.0,D49,arr,dpt,530,0,C15,1214.0,1284.0
531,TK054,TK055,TCLJI,B77W,PAX,0.0,IST,IST,2019-05-13 17:50:00,2019-05-13 23:25:00,1.0,0.0,1.0,D49,1.0,1104.0,1439.0,D42,arr,dpt,531,0,D49,1104.0,1439.0
532,TR897,TR008,9VOJA,B789,PAX,0.0,PER,ICN,2019-05-13 06:10:00,2019-05-13 12:00:00,1.0,0.0,1.0,F50,1.0,404.0,754.0,205,arr,dpt,532,0,F50,404.0,754.0
533,TR009,TR009,9VOJA,B789,PAX,0.0,,PER,2019-05-13 23:30:00,2019-05-13 23:59:00,1.0,0.0,0.0,E22,1.0,1444.0,1473.0,F31,arr,tow,533,0,E22,1444.0,1473.0
534,TR018,TR018,9VOJI,B789,PAX,0.0,MEL,,2019-05-13 00:00:00,2019-05-13 01:35:00,1.0,0.0,1.0,E5,1.0,34.0,129.0,D41,arr,dpt,534,0,E5,34.0,129.0
535,TR019,TR019,9VOJI,B789,PAX,0.0,,MEL,2019-05-13 18:25:00,2019-05-13 23:59:00,1.0,0.0,0.0,E28,1.0,1139.0,1473.0,D41,arr,tow,535,0,E28,1139.0,1473.0
536,TR100,TR100,9VOFH,B788,PAX,0.0,CAN,,2019-05-13 00:00:00,2019-05-13 05:15:00,1.0,0.0,1.0,F33,1.0,34.0,349.0,F54,arr,dpt,536,0,F33,34.0,349.0
537,TR101,TR596,9VOFH,B788,PAX,0.0,JED,CAN,2019-05-13 14:45:00,2019-05-13 16:20:00,1.0,0.0,1.0,E4,1.0,919.0,1014.0,F50,arr,dpt,537,0,E4,919.0,1014.0
538,TR571,TR114,9VTAX,A320,PAX,0.0,NNG,COK,2019-05-13 08:50:00,2019-05-13 10:00:00,1.0,0.0,1.0,E28,0.0,564.0,634.0,F37,arr,dpt,538,0,E28,564.0,634.0
539,TR115,TR106,9VTAX,A320,PAX,0.0,CAN,NNG,2019-05-13 18:50:00,2019-05-13 22:00:00,1.0,0.0,1.0,E2,0.0,1164.0,1354.0,F56R,arr,dpt,539,0,E2,1164.0,1354.0
540,TR107,TR686,9VTRQ,A320,PAX,0.0,KBV,CAN,2019-05-13 07:50:00,2019-05-13 11:30:00,1.0,0.0,1.0,F35L,0.0,504.0,724.0,F35R,arr,dpt,540,0,F35L,504.0,724.0
541,TR687,TR652,9VTRQ,A320,PAX,0.0,HKT,KBV,2019-05-13 16:00:00,2019-05-13 18:20:00,1.0,0.0,1.0,D40R,0.0,994.0,1134.0,F40,arr,dpt,541,0,D40R,994.0,1134.0
542,TR653,TR653,9VTRQ,A320,PAX,0.0,,HKT,2019-05-13 22:45:00,2019-05-13 23:59:00,1.0,0.0,0.0,F56R,0.0,1399.0,1473.0,F56R,arr,tow,542,0,F56R,1399.0,1473.0
543,TR171,TR452,9VTRE,A320,PAX,0.0,KUL,WUX,2019-05-13 05:00:00,2019-05-13 09:45:00,1.0,0.0,1.0,485,0.0,334.0,619.0,D40R,arr,dpt,543,0,485,334.0,619.0
544,TR453,TR634,9VTRE,A320,PAX,0.0,HDY,KUL,2019-05-13 12:50:00,2019-05-13 13:35:00,1.0,0.0,1.0,F54,0.0,804.0,849.0,F36,arr,dpt,544,0,F54,804.0,849.0
545,TR635,TR108,9VTRE,A320,PAX,0.0,SZX,HDY,2019-05-13 17:30:00,2019-05-13 19:00:00,1.0,0.0,1.0,E27R,0.0,1084.0,1174.0,F35R,arr,dpt,545,0,E27R,1084.0,1174.0
546,TR274,TR274,9VTRR,A320,PAX,0.0,CGK,,2019-05-13 00:00:00,2019-05-13 08:15:00,1.0,0.0,1.0,F30,0.0,34.0,529.0,207,arr,dpt,546,0,F30,34.0,529.0
547,TR275,TR112,9VTRR,A320,PAX,0.0,KHN,CGK,2019-05-13 12:45:00,2019-05-13 14:25:00,1.0,0.0,1.0,F40,0.0,799.0,899.0,F41,arr,dpt,547,0,F40,799.0,899.0
548,TR484,TR484,9VTRN,A320,PAX,0.0,IPH,,2019-05-13 00:00:00,2019-05-13 07:45:00,1.0,0.0,1.0,E2,0.0,34.0,499.0,F52R,arr,dpt,548,0,E2,34.0,499.0
549,TR485,TR252,9VTRN,A320,PAX,0.0,PKU,IPH,2019-05-13 11:05:00,2019-05-13 11:45:00,1.0,0.0,1.0,E2,0.0,699.0,739.0,E1,arr,dpt,549,0,E2,699.0,739.0
550,TR253,TR134,9VTRN,A320,PAX,0.0,XIY,PKU,2019-05-13 14:40:00,2019-05-13 17:00:00,1.0,0.0,1.0,E27R,0.0,914.0,1054.0,E7,arr,dpt,550,0,E27R,914.0,1054.0
551,TR135,TR570,9VTRM,A320,PAX,0.0,COK,XIY,2019-05-13 05:15:00,2019-05-13 06:15:00,1.0,0.0,0.0,F34,0.0,349.0,409.0,E24R,arr,tow,551,0,F34,349.0,409.0
552,TR135,TR570,9VTRM,A320,PAX,0.0,COK,XIY,2019-05-13 06:15:00,2019-05-13 20:45:00,0.0,1.0,0.0,473,0.0,409.0,1279.0,E24R,tow,tow,552,0,473,409.0,1279.0
553,TR135,TR570,9VTRM,A320,PAX,0.0,COK,XIY,2019-05-13 20:45:00,2019-05-13 22:45:00,0.0,0.0,1.0,E6,0.0,1279.0,1399.0,E24R,tow,dpt,553,0,E6,1279.0,1399.0
554,TR138,TR138,9VOJF,B789,PAX,0.0,TSN,,2019-05-13 00:00:00,2019-05-13 01:40:00,1.0,0.0,1.0,E12,1.0,34.0,134.0,F31,arr,dpt,554,0,E12,34.0,134.0
555,TR139,TR139,9VOJF,B789,PAX,0.0,,TSN,2019-05-13 15:30:00,2019-05-13 23:59:00,1.0,0.0,0.0,D41,1.0,964.0,1473.0,D40,arr,tow,555,0,D41,964.0,1473.0
556,TR156,TR156,9VOFG,B788,PAX,0.0,SHE,,2019-05-13 00:00:00,2019-05-13 02:57:00,1.0,0.0,1.0,F34,1.0,34.0,211.0,E4,arr,dpt,556,0,F34,34.0,211.0
557,TR157,TR157,9VOFG,B788,PAX,0.0,,SHE,2019-05-13 17:45:00,2019-05-13 23:59:00,1.0,0.0,0.0,F50,1.0,1099.0,1473.0,E22,arr,tow,557,0,F50,1099.0,1473.0
558,TR172,TR172,9VTRX,A320,PAX,0.0,TNA,,2019-05-13 00:00:00,2019-05-13 00:42:00,1.0,0.0,1.0,F36,0.0,34.0,76.0,E24R,arr,dpt,558,0,F36,34.0,76.0
559,TR173,TR288,9VTRX,A320,PAX,0.0,DPS,TNA,2019-05-13 13:40:00,2019-05-13 15:45:00,1.0,0.0,1.0,E11,0.0,854.0,979.0,F35R,arr,dpt,559,0,E11,854.0,979.0
560,TR289,TR289,9VTRX,A320,PAX,0.0,,DPS,2019-05-13 22:15:00,2019-05-13 23:59:00,1.0,0.0,0.0,F59R,0.0,1369.0,1473.0,F36,arr,tow,560,0,F59R,1369.0,1473.0
561,TR735,TR180,9VOFJ,B788,PAX,0.0,NKG,TXL,2019-05-13 04:00:00,2019-05-13 05:00:00,1.0,0.0,0.0,E20,1.0,274.0,334.0,D41,arr,tow,561,0,E20,274.0,334.0
562,TR735,TR180,9VOFJ,B788,PAX,0.0,NKG,TXL,2019-05-13 05:00:00,2019-05-13 08:30:00,0.0,1.0,0.0,300,1.0,334.0,544.0,D41,tow,tow,562,0,300,334.0,544.0
563,TR735,TR180,9VOFJ,B788,PAX,0.0,NKG,TXL,2019-05-13 08:30:00,2019-05-13 10:30:00,0.0,0.0,1.0,E26,1.0,544.0,664.0,D41,tow,dpt,563,0,E26,544.0,664.0
564,TR181,TR181,9VOFJ,B788,PAX,0.0,,NKG,2019-05-13 22:50:00,2019-05-13 23:59:00,1.0,0.0,0.0,E26,1.0,1404.0,1473.0,F33,arr,tow,564,0,E26,1404.0,1473.0
565,TR579,TR188,9VOJB,B789,PAX,0.0,HGH,MAA,2019-05-13 08:15:00,2019-05-13 16:30:00,1.0,0.0,1.0,F33,1.0,529.0,1024.0,E4,arr,dpt,565,0,F33,529.0,1024.0
566,TR189,TR189,9VOJH,B789,PAX,0.0,,HGH,2019-05-13 03:45:00,2019-05-13 23:59:00,1.0,0.0,0.0,464,1.0,259.0,1473.0,F33,arr,tow,566,0,464,259.0,1473.0
567,TR589,TR264,9VTRH,A320,PAX,0.0,SUB,MLE,2019-05-13 04:55:00,2019-05-13 08:15:00,1.0,0.0,1.0,207,0.0,329.0,529.0,E27R,arr,dpt,567,0,207,329.0,529.0
568,TR265,TR482,9VTRH,A320,PAX,0.0,IPH,SUB,2019-05-13 13:30:00,2019-05-13 15:25:00,1.0,0.0,1.0,D40L,0.0,844.0,959.0,F59R,arr,dpt,568,0,D40L,844.0,959.0
569,TR483,TR430,9VTRH,A320,PAX,0.0,KCH,IPH,2019-05-13 18:50:00,2019-05-13 20:15:00,1.0,0.0,1.0,E7,0.0,1164.0,1249.0,E7,arr,dpt,569,0,E7,1164.0,1249.0
570,TR431,TR431,9VTRH,A320,PAX,0.0,,KCH,2019-05-13 23:55:00,2019-05-13 23:59:00,1.0,0.0,0.0,F41,0.0,1469.0,1473.0,306,arr,tow,570,0,F41,1469.0,1473.0
571,TR267,TR426,9VTRV,A320,PAX,0.0,PEN,SUB,2019-05-13 00:27:00,2019-05-13 09:10:00,1.0,0.0,1.0,209,0.0,61.0,584.0,208,arr,dpt,571,0,209,61.0,584.0
572,TR427,TR610,9VTRV,A320,PAX,0.0,BKK,PEN,2019-05-13 12:40:00,2019-05-13 15:25:00,1.0,0.0,1.0,E1,0.0,794.0,959.0,F56R,arr,dpt,572,0,E1,794.0,959.0
573,TR611,TR611,9VTRV,A320,PAX,0.0,,BKK,2019-05-13 21:05:00,2019-05-13 23:59:00,1.0,0.0,0.0,F52L,0.0,1299.0,1473.0,207,arr,tow,573,0,F52L,1299.0,1473.0
574,TR273,TR658,9VTAU,A320,PAX,0.0,HKT,CGK,2019-05-13 00:17:00,2019-05-13 07:50:00,1.0,0.0,1.0,E24R,0.0,51.0,504.0,462L,arr,dpt,574,0,E24R,51.0,504.0
575,TR659,TR604,9VTAU,A320,PAX,0.0,BKK,HKT,2019-05-13 12:20:00,2019-05-13 12:55:00,1.0,0.0,1.0,E11,0.0,774.0,809.0,E6,arr,dpt,575,0,E11,774.0,809.0
576,TR605,TR466,9VTAU,A320,PAX,0.0,KUL,BKK,2019-05-13 18:35:00,2019-05-13 19:25:00,1.0,0.0,1.0,F59L,0.0,1149.0,1199.0,F32,arr,dpt,576,0,F59L,1149.0,1199.0
577,TR467,TR467,9VTAU,A320,PAX,0.0,,KUL,2019-05-13 22:45:00,2019-05-13 23:59:00,1.0,0.0,0.0,E2,0.0,1399.0,1473.0,F35R,arr,tow,577,0,E2,1399.0,1473.0
578,TR573,TR276,9VTRW,A320,PAX,0.0,CGK,BLR,2019-05-13 08:25:00,2019-05-13 10:20:00,1.0,0.0,1.0,F52R,0.0,539.0,654.0,E2,arr,dpt,578,0,F52R,539.0,654.0
579,TR277,TR974,9VTRW,A320,PAX,0.0,HKG,CGK,2019-05-13 14:50:00,2019-05-13 16:55:00,1.0,0.0,1.0,E2,0.0,924.0,1049.0,E6,arr,dpt,579,0,E2,924.0,1049.0
580,TR567,TR284,9VTRL,A320,PAX,0.0,DPS,TRZ,2019-05-13 08:30:00,2019-05-13 11:05:00,1.0,0.0,1.0,F35R,0.0,544.0,699.0,F32,arr,dpt,580,0,F35R,544.0,699.0
581,TR285,TR278,9VTRL,A320,PAX,0.0,CGK,DPS,2019-05-13 17:10:00,2019-05-13 18:25:00,1.0,0.0,1.0,F37,0.0,1064.0,1139.0,F37,arr,dpt,581,0,F37,1064.0,1139.0
582,TR279,TR279,9VTRL,A320,PAX,0.0,,CGK,2019-05-13 22:55:00,2019-05-13 23:59:00,1.0,0.0,0.0,F33,0.0,1409.0,1473.0,F40,arr,tow,582,0,F33,1409.0,1473.0
583,TR280,TR280,9VTRI,A320,PAX,0.0,DPS,,2019-05-13 00:00:00,2019-05-13 07:05:00,1.0,0.0,1.0,F52L,0.0,34.0,459.0,200R,arr,dpt,583,0,F52L,34.0,459.0
584,TR281,TR390,9VTRI,A320,PAX,0.0,MNL,DPS,2019-05-13 13:30:00,2019-05-13 14:50:00,1.0,0.0,1.0,D41,0.0,844.0,924.0,E11,arr,dpt,584,0,D41,844.0,924.0
585,TR391,TR391,9VTRI,A320,PAX,0.0,,MNL,2019-05-13 23:15:00,2019-05-13 23:59:00,1.0,0.0,0.0,E6,0.0,1429.0,1473.0,208,arr,tow,585,0,E6,1429.0,1473.0
586,TR300,TR300,9VTAV,A320,PAX,0.0,HAN,,2019-05-13 00:00:00,2019-05-13 07:55:00,1.0,0.0,0.0,208,0.0,34.0,509.0,F59R,arr,tow,586,0,208,34.0,509.0
587,TR300,TR300,9VTAV,A320,PAX,0.0,HAN,,2019-05-13 07:55:00,2019-05-13 09:55:00,0.0,0.0,1.0,F52L,0.0,509.0,629.0,F59R,tow,dpt,587,0,F52L,509.0,629.0
588,TR301,TR530,9VTAV,A320,PAX,0.0,TRV,HAN,2019-05-13 17:35:00,2019-05-13 20:40:00,1.0,0.0,1.0,E3,0.0,1089.0,1274.0,F36,arr,dpt,588,0,E3,1089.0,1274.0
589,TR392,TR392,9VTRD,A320,PAX,0.0,MNL,,2019-05-13 00:00:00,2019-05-13 05:25:00,1.0,0.0,1.0,F37,0.0,34.0,359.0,202L,arr,dpt,589,0,F37,34.0,359.0
590,TR393,TR302,9VTRD,A320,PAX,0.0,SGN,MNL,2019-05-13 13:40:00,2019-05-13 15:30:00,1.0,0.0,1.0,F35L,0.0,854.0,964.0,F52L,arr,dpt,590,0,F35L,854.0,964.0
591,TR303,TR574,9VTRD,A320,PAX,0.0,HYD,SGN,2019-05-13 20:20:00,2019-05-13 22:30:00,1.0,0.0,1.0,F33,0.0,1254.0,1384.0,F35L,arr,dpt,591,0,F33,1254.0,1384.0
592,TR304,TR304,9VTRK,A320,PAX,0.0,SGN,,2019-05-13 00:00:00,2019-05-13 07:05:00,1.0,0.0,1.0,E1,0.0,34.0,459.0,E1,arr,dpt,592,0,E1,34.0,459.0
593,TR305,TR306,9VTRK,A320,PAX,0.0,SGN,SGN,2019-05-13 11:55:00,2019-05-13 13:05:00,1.0,0.0,1.0,E7,0.0,749.0,819.0,E24R,arr,dpt,593,0,E7,749.0,819.0
594,TR307,TR428,9VTRK,A320,PAX,0.0,PEN,SGN,2019-05-13 18:00:00,2019-05-13 18:55:00,1.0,0.0,1.0,F59R,0.0,1114.0,1169.0,E6,arr,dpt,594,0,F59R,1114.0,1169.0
595,TR429,TR429,9VTRK,A320,PAX,0.0,,PEN,2019-05-13 22:25:00,2019-05-13 23:59:00,1.0,0.0,0.0,D40R,0.0,1379.0,1473.0,F59L,arr,tow,595,0,D40R,1379.0,1473.0
596,TR565,TR350,9VTRC,A320,PAX,0.0,VTE,TRZ,2019-05-13 06:50:00,2019-05-13 09:00:00,1.0,0.0,1.0,F56L,0.0,444.0,574.0,F59L,arr,dpt,596,0,F56L,444.0,574.0
597,TR350,TR564,9VTRC,A320,PAX,0.0,TRZ,LPQ,2019-05-13 18:00:00,2019-05-13 21:15:00,1.0,0.0,1.0,E27L,0.0,1114.0,1309.0,F56L,arr,dpt,597,0,E27L,1114.0,1309.0
598,TR384,TR384,9VTRB,A319,PAX,0.0,CEB,,2019-05-13 00:00:00,2019-05-13 08:15:00,1.0,0.0,1.0,E10,0.0,34.0,529.0,D40L,arr,dpt,598,0,E10,34.0,529.0
599,TR385,TR385,9VTRB,A319,PAX,0.0,,CEB,2019-05-13 16:25:00,2019-05-13 23:59:00,1.0,0.0,0.0,F35L,0.0,1019.0,1473.0,F52L,arr,tow,599,0,F35L,1019.0,1473.0
600,TR531,TR386,9VTAZ,A320,PAX,0.0,CRK,TRV,2019-05-13 06:20:00,2019-05-13 14:05:00,1.0,0.0,1.0,E8,0.0,414.0,879.0,E7,arr,dpt,600,0,E8,414.0,879.0
601,TR387,TR387,9VTAZ,A320,PAX,0.0,,CRK,2019-05-13 22:05:00,2019-05-13 23:59:00,1.0,0.0,0.0,E27L,0.0,1359.0,1473.0,F56L,arr,tow,601,0,E27L,1359.0,1473.0
602,TR606,TR606,9VTAN,A320,PAX,0.0,BKK,,2019-05-13 00:00:00,2019-05-13 08:20:00,1.0,0.0,1.0,F56R,0.0,34.0,534.0,303,arr,dpt,602,0,F56R,34.0,534.0
603,TR607,TR468,9VTAN,A320,PAX,0.0,KUL,BKK,2019-05-13 13:55:00,2019-05-13 16:30:00,1.0,0.0,1.0,F36,0.0,869.0,1024.0,F35L,arr,dpt,603,0,F36,869.0,1024.0
604,TR469,TR684,9VTAN,A320,PAX,0.0,KBV,KUL,2019-05-13 19:35:00,2019-05-13 20:45:00,1.0,0.0,1.0,E1,0.0,1209.0,1279.0,E6,arr,dpt,604,0,E1,1209.0,1279.0
605,TR893,TR508,9VOFC,B788,PAX,0.0,ATQ,CTS,2019-05-13 04:20:00,2019-05-13 05:20:00,1.0,0.0,0.0,E12,1.0,294.0,354.0,E4,arr,tow,605,0,E12,294.0,354.0
606,TR893,TR508,9VOFC,B788,PAX,0.0,ATQ,CTS,2019-05-13 05:20:00,2019-05-13 13:10:00,0.0,1.0,0.0,462,1.0,354.0,824.0,E4,tow,tow,606,0,462,354.0,824.0
607,TR893,TR508,9VOFC,B788,PAX,0.0,ATQ,CTS,2019-05-13 13:10:00,2019-05-13 15:10:00,0.0,0.0,1.0,F34,1.0,824.0,944.0,E4,tow,dpt,607,0,F34,824.0,944.0
608,TR509,TR509,9VOFA,B788,PAX,0.0,,ATQ,2019-05-13 04:15:00,2019-05-13 23:59:00,1.0,0.0,0.0,205,1.0,289.0,1473.0,E3,arr,tow,608,0,205,289.0,1473.0
609,TR632,TR632,9VTRT,A320,PAX,0.0,HDY,,2019-05-13 00:00:00,2019-05-13 05:55:00,1.0,0.0,1.0,E8,0.0,34.0,389.0,209,arr,dpt,609,0,E8,34.0,389.0
610,TR633,TR904,9VTRT,A320,PAX,0.0,MFM,HDY,2019-05-13 10:10:00,2019-05-13 13:10:00,1.0,0.0,1.0,D40L,0.0,644.0,824.0,E27L,arr,dpt,610,0,D40L,644.0,824.0
611,TR905,TR566,9VTRT,A320,PAX,0.0,TRZ,MFM,2019-05-13 21:45:00,2019-05-13 23:00:00,1.0,0.0,1.0,E1,0.0,1339.0,1414.0,F30,arr,dpt,611,0,E1,1339.0,1414.0
612,TR685,TR572,9VTRU,A320,PAX,0.0,BLR,KBV,2019-05-13 00:46:00,2019-05-13 02:05:00,1.0,0.0,0.0,202L,0.0,80.0,159.0,F36,arr,tow,612,0,202L,80.0,159.0
613,TR685,TR572,9VTRU,A320,PAX,0.0,BLR,KBV,2019-05-13 02:05:00,2019-05-13 20:20:00,0.0,1.0,0.0,304,0.0,159.0,1254.0,F36,tow,tow,613,0,304,159.0,1254.0
614,TR685,TR572,9VTRU,A320,PAX,0.0,BLR,KBV,2019-05-13 20:20:00,2019-05-13 22:20:00,0.0,0.0,1.0,F30,0.0,1254.0,1374.0,F36,tow,dpt,614,0,F30,1254.0,1374.0
615,TR575,TR575,9VTRP,A320,PAX,0.0,,HYD,2019-05-13 08:55:00,2019-05-13 23:59:00,1.0,0.0,0.0,477,0.0,569.0,1473.0,F40,arr,tow,615,0,477,569.0,1473.0
616,TR578,TR578,9VOFI,B788,PAX,0.0,MAA,,2019-05-13 00:00:00,2019-05-13 22:50:00,1.0,0.0,1.0,F58,1.0,34.0,1404.0,F42,arr,dpt,616,0,F58,34.0,1404.0
617,TR616,TR616,9VTRO,A320,PAX,0.0,BKK,,2019-05-13 00:00:00,2019-05-13 16:00:00,1.0,0.0,0.0,403,0.0,34.0,994.0,F56R,arr,tow,617,0,403,34.0,994.0
618,TR616,TR616,9VTRO,A320,PAX,0.0,BKK,,2019-05-13 16:00:00,2019-05-13 18:00:00,0.0,0.0,1.0,F30,0.0,994.0,1114.0,F56R,tow,dpt,618,0,F30,994.0,1114.0
619,TR617,TR617,9VTRO,A320,PAX,0.0,,BKK,2019-05-13 23:45:00,2019-05-13 23:59:00,1.0,0.0,0.0,E8,0.0,1459.0,1473.0,F59R,arr,tow,619,0,E8,1459.0,1473.0
620,TR734,TR734,9VOFK,B788,PAX,0.0,TXL,,2019-05-13 00:00:00,2019-05-13 00:33:00,1.0,0.0,1.0,E3,1.0,34.0,67.0,E20,arr,dpt,620,0,E3,34.0,67.0
621,TR804,TR804,9VOJD,B789,PAX,0.0,KIX,,2019-05-13 00:00:00,2019-05-13 08:20:00,1.0,0.0,0.0,203,1.0,34.0,534.0,F54,arr,tow,621,0,203,34.0,534.0
622,TR804,TR804,9VOJD,B789,PAX,0.0,KIX,,2019-05-13 08:20:00,2019-05-13 10:20:00,0.0,0.0,1.0,F54,1.0,534.0,654.0,F54,tow,dpt,622,0,F54,534.0,654.0
623,TR868,TR868,9VOFE,B788,PAX,0.0,NRT,,2019-05-13 00:00:00,2019-05-13 22:20:00,1.0,0.0,1.0,E22,1.0,34.0,1374.0,D40,arr,dpt,623,0,E22,34.0,1374.0
624,TR869,TR869,9VOJE,B789,PAX,0.0,,NRT,2019-05-13 20:25:00,2019-05-13 23:59:00,1.0,0.0,0.0,F54,1.0,1259.0,1473.0,E5,arr,tow,624,0,F54,1259.0,1473.0
625,TR874,TR874,9VTRS,A320,PAX,0.0,NRT,,2019-05-13 00:00:00,2019-05-13 08:50:00,1.0,0.0,1.0,E27L,0.0,34.0,564.0,D42R,arr,dpt,625,0,E27L,34.0,564.0
626,TR894,TR894,9VOFB,B788,PAX,0.0,KIX,,2019-05-13 00:00:00,2019-05-13 06:00:00,1.0,0.0,1.0,E11,1.0,34.0,394.0,F31,arr,dpt,626,0,E11,34.0,394.0
627,TR898,TR898,9VOJG,B789,PAX,0.0,NRT,,2019-05-13 00:00:00,2019-05-13 00:51:00,1.0,0.0,1.0,E20,1.0,34.0,85.0,F33,arr,dpt,627,0,E20,34.0,85.0
628,TR899,TR899,9VOJG,B789,PAX,0.0,,NRT,2019-05-13 20:30:00,2019-05-13 23:59:00,1.0,0.0,0.0,F31,1.0,1264.0,1473.0,F34,arr,tow,628,0,F31,1264.0,1473.0
629,TR902,TR902,9VTAO,A320,PAX,0.0,MFM,,2019-05-13 00:00:00,2019-05-13 06:00:00,1.0,0.0,1.0,F40,0.0,34.0,394.0,F35R,arr,dpt,629,0,F40,34.0,394.0
630,TR903,TR903,9VTAO,A320,PAX,0.0,,MFM,2019-05-13 14:25:00,2019-05-13 23:59:00,1.0,0.0,0.0,402,0.0,899.0,1473.0,E27R,arr,tow,630,0,402,899.0,1473.0
631,TR975,TR980,9VTNB,A20N,PAX,0.0,HKG,HKG,2019-05-13 01:50:00,2019-05-13 02:50:00,1.0,0.0,0.0,E20,0.0,144.0,204.0,E3,arr,tow,631,0,E20,144.0,204.0
632,TR975,TR980,9VTNB,A20N,PAX,0.0,HKG,HKG,2019-05-13 02:50:00,2019-05-13 12:00:00,0.0,1.0,0.0,306,0.0,204.0,754.0,E3,tow,tow,632,0,306,204.0,754.0
633,TR975,TR980,9VTNB,A20N,PAX,0.0,HKG,HKG,2019-05-13 12:00:00,2019-05-13 14:00:00,0.0,0.0,1.0,D40R,0.0,754.0,874.0,E3,tow,dpt,633,0,D40R,754.0,874.0
634,TR981,TR981,9VTNB,A20N,PAX,0.0,,HKG,2019-05-13 23:15:00,2019-05-13 23:59:00,1.0,0.0,0.0,F30,0.0,1429.0,1473.0,F35L,arr,tow,634,0,F30,1429.0,1473.0
635,TR978,TR978,9VTNA,A20N,PAX,0.0,HKG,,2019-05-13 00:00:00,2019-05-13 06:00:00,1.0,0.0,1.0,E7,0.0,34.0,394.0,D42R,arr,dpt,635,0,E7,34.0,394.0
636,TR979,TR979,9VTNA,A320,PAX,0.0,,HKG,2019-05-13 14:55:00,2019-05-13 23:59:00,1.0,0.0,0.0,474,0.0,929.0,1473.0,E27L,arr,tow,636,0,474,929.0,1473.0
637,UA001,UA002,N27958,B789,PAX,0.0,SFO,SFO,2019-05-13 06:45:00,2019-05-13 09:00:00,1.0,0.0,1.0,F34,1.0,439.0,574.0,F31,arr,dpt,637,0,F34,439.0,574.0
638,UA029,UA028,N38950,B789,PAX,0.0,SFO,SFO,2019-05-13 18:45:00,2019-05-13 21:00:00,1.0,0.0,1.0,E5,1.0,1159.0,1294.0,E20,arr,dpt,638,0,E5,1159.0,1294.0
639,UB001,UB002,XYALB,B738,PAX,0.0,RGN,RGN,2019-05-13 12:00:00,2019-05-13 13:15:00,1.0,0.0,1.0,C20,0.0,754.0,829.0,A16,arr,dpt,639,0,C20,754.0,829.0
640,UB003,UB004,XYALF,B738,PAX,0.0,RGN,RGN,2019-05-13 20:45:00,2019-05-13 21:45:00,1.0,0.0,1.0,A3,0.0,1279.0,1339.0,A14,arr,dpt,640,0,A3,1279.0,1339.0
641,UL302,UL303,4RABQ,A321,PAX,0.0,CMB,CMB,2019-05-13 14:10:00,2019-05-13 15:15:00,1.0,0.0,1.0,A9,0.0,884.0,949.0,A9,arr,dpt,641,0,A9,884.0,949.0
642,UL306,UL307,4RALA,A332,PAX,0.0,CMB,CMB,2019-05-13 08:30:00,2019-05-13 09:45:00,1.0,0.0,1.0,A21,1.0,544.0,619.0,A15,arr,dpt,642,0,A21,544.0,619.0
643,UL308,UL309,4RAND,A321,PAX,0.0,CMB,CMB,2019-05-13 18:55:00,2019-05-13 20:10:00,1.0,0.0,1.0,A13,0.0,1169.0,1244.0,B8,arr,dpt,643,0,A13,1169.0,1244.0
644,VJ811,VJ812,VNA632,A321,PAX,0.0,SGN,SGN,2019-05-13 12:05:00,2019-05-13 13:05:00,1.0,0.0,1.0,G6,0.0,759.0,819.0,G11,arr,dpt,644,0,G6,759.0,819.0
645,VJ813,VJ814,VNA658,A320,PAX,0.0,SGN,SGN,2019-05-13 16:55:00,2019-05-13 17:55:00,1.0,0.0,1.0,G14,0.0,1049.0,1109.0,G14,arr,dpt,645,0,G14,1049.0,1109.0
646,VJ915,VJ916,VNA687,A321,PAX,0.0,HAN,HAN,2019-05-13 13:55:00,2019-05-13 14:55:00,1.0,0.0,1.0,G14,0.0,869.0,929.0,G12,arr,dpt,646,0,G14,869.0,929.0
647,VN651,VN650,VNA331,A321,PAX,0.0,SGN,SGN,2019-05-13 12:10:00,2019-05-13 13:10:00,1.0,0.0,1.0,G13,0.0,764.0,824.0,G17,arr,dpt,647,0,G13,764.0,824.0
648,VN655,VN654,VNA614,A321,PAX,0.0,SGN,SGN,2019-05-13 17:25:00,2019-05-13 18:25:00,1.0,0.0,1.0,G8,0.0,1079.0,1139.0,G5,arr,dpt,648,0,G8,1079.0,1139.0
649,VN657,VN656,VNA603,A321,PAX,0.0,SGN,SGN,2019-05-13 19:15:00,2019-05-13 20:45:00,1.0,0.0,1.0,G4,0.0,1189.0,1279.0,G17,arr,dpt,649,0,G4,1189.0,1279.0
650,VN661,VN660,VNA361,A321,PAX,0.0,HAN,HAN,2019-05-13 11:55:00,2019-05-13 13:05:00,1.0,0.0,1.0,G10,0.0,749.0,819.0,G5,arr,dpt,650,0,G10,749.0,819.0
651,VN663,VN662,VNA326,A321,PAX,0.0,HAN,HAN,2019-05-13 14:50:00,2019-05-13 15:50:00,1.0,0.0,1.0,G8,0.0,924.0,984.0,G5,arr,dpt,651,0,G8,924.0,984.0
652,Z27234,Z27235,RPC8966,A320,PAX,0.0,CEB,CEB,2019-05-13 00:41:00,2019-05-13 01:45:00,1.0,0.0,1.0,G4,0.0,75.0,139.0,G4,arr,dpt,652,0,G4,75.0,139.0
653,Z27236,Z27237,RPC8189,A320,PAX,0.0,CEB,CEB,2019-05-13 23:15:00,2019-05-13 23:55:00,1.0,0.0,1.0,G1,0.0,1429.0,1469.0,G11,arr,dpt,653,0,G1,1429.0,1469.0
654,ZH9021,ZH9186,B1972,B738,PAX,0.0,KHN,SZX,2019-05-13 12:40:00,2019-05-13 14:00:00,1.0,0.0,1.0,D30,0.0,794.0,874.0,D48,arr,dpt,654,0,D30,794.0,874.0
655,ZH9185,ZH9022,B1756,B738,PAX,0.0,SZX,KHN,2019-05-13 12:55:00,2019-05-13 14:25:00,1.0,0.0,1.0,C17L,0.0,809.0,899.0,D42L,arr,dpt,655,0,C17L,809.0,899.0
656,ZH9023,ZH9024,B1519,B738,PAX,0.0,SZX,SZX,2019-05-13 16:30:00,2019-05-13 17:30:00,1.0,0.0,1.0,C23,0.0,1024.0,1084.0,D38,arr,dpt,656,0,C23,1024.0,1084.0
